Workbook

Sheet EXP lvls
A1: Star | B1: EXP to TOP lvl | D1: Level | E1: 1* | F1: 2* | G1: 3* | H1: 4* | I1: 5* | J1: 6* | S1: Buffed | T1: Cost | U1: Burned | V1: XP Gain | W1: Cost to max | X1: Evolve | Y1: Xp/Mana | Z1: Nbr needed
A2: 1 | B2: 15120 | D2: 1 | E2: 460 | F2: 552 | G2: 662 | H2: 796 | I2: 952 | J2: 1150 | L2: Kolumna1 | M2: Missing | N2: Done | O2: Zapas | P2: XP to gain | Q2: Mana Cost | T2: 1* | U2: 150 | V2: 1* | W2: =Tabela3[[#This Row],[2*]]+0.401*F3 -> 800.219 | X2: =$U2*$B$2/$W2 -> 2834.2241 | Y2: 1600 | Z2: =W2/U2 -> 5.3347933 | AA2: =$B$2/W2 -> 18.894828
A3: 2 | B3: 35822 | D3: 2 | E3: 516 | F3: 619 | G3: 743 | H3: 892 | I3: 1068 | J3: 1290 | L3: piątki 1 | M3: =5-Tabela6[[#This Row],[Done]] -> 1 | N3: 4 | O3: 0 | P3: 0 | Q3: =Tabela6[[#This Row],[Missing]]*22300 -> 22300 | R3: 2 | T3: 2* | U3: 500 | V3: 2* | W3: =F2+Tabela3[[#This Row],[2*]]+0.847*F4 -> 1759.665 | X3: =$U3*$B$3/$W3 -> 10178.642 | Y3: 4000 | Z3: =W3/U3 -> 3.51933 | AA3: =$B$3/W3 -> 20.357284
A4: 3 | B4: 82182 | D4: 3 | E4: 579 | F4: 695 | G4: 834 | H4: 1002 | I4: 1199 | J4: 1447 | L4: czworki full | M4: =MAXA(M3-Tabela6[[#This Row],[Done]],0) -> 0 | N4: 4 | O4: =MAXA(Tabela6[[#This Row],[Done]]-M3,0) -> 3 | P4: =M4*$B$5 -> 0 | Q4: =Tabela6[[#This Row],[Missing]]*9600 -> 0 | R4: 0 | T4: 2* | U4: 300 | V4: 1* | W4: =Tabela3[[#This Row],[2*]]+0.401*F5 -> 1007.379 | X4: =$U4*$B$3/$W4 -> 10667.882 | Y4: 4000 | Z4: =W4/U4 -> 3.35793 | AA4: =$B$3/W4 -> 35.559606
A5: 4 | B5: 189750 | D5: 4 | E5: 650 | F5: 779 | G5: 936 | H5: 1124 | I5: 1344 | J5: 1624 | L5: czworek 1 | M5: =MAXA(4*M3-Tabela6[[#This Row],[Done]],0) -> 0 | N5: 4 | O5: =MAXA(-(4*M3-Tabela6[[#This Row],[Done]])-M4,0) -> 0 | Q5: =Tabela6[[#This Row],[Missing]]*9600 -> 0 | R5: 9 | T5: 2* | U5: 500 | V5: 2* | W5: =F4+Tabela3[[#This Row],[2*]]+0.847*F6 -> 2215.125 | X5: =$U5*$B$3/$W5 -> 8085.7739 | Y5: 4000 | Z5: =W5/U5 -> 4.43025 | AA5: =$B$3/W5 -> 16.171548
A6: 5 | B6: 446647 | D6: 5 | E6: 728 | F6: 875 | G6: 1049 | H6: 1261 | I6: 1509 | J6: 1823 | L6: trojek full | M6: =MAXA(M5+M4-O5-Tabela6[[#This Row],[Done]],0) -> 0 | N6: 15 | O6: =MAXA(-(M5+M4-O5-Tabela6[[#This Row],[Done]]),0) -> 15 | P6: =M6*$B$4 -> 0 | Q6: =Tabela6[[#This Row],[Missing]]*4000 -> 0 | R6: 11 | T6: 3* | U6: 450 | V6: 1* | W6: =G4+0.186*G5 -> 1008.096 | X6: =$U6*$B$4/$W6 -> 36684.899 | Y6: 9600 | Z6: =W6/U6 -> 2.2402133 | AA6: =$B$4/W6 -> 81.521998
A7: 6 | B7: 1005420 | D7: 6 | E7: 818 | F7: 981 | G7: 1178 | H7: 1415 | I7: 1693 | J7: 2044 | L7: trojek 1 | M7: =MAXA(3*(M5+M4-O5)-Tabela6[[#This Row],[Done]],0) -> 0 | N7: 0 | O7: =MAXA(-3*(M4+M5-O5)+Tabela6[[#This Row],[Done]],0) -> 0 | Q7: =Tabela6[[#This Row],[Missing]]*4000 -> 0 | R7: 6 | T7: 3* | U7: 750 | V7: 2* | W7: =G4+G5+0.489*G6 -> 2282.961 | X7: =$U7*$B$4/$W7 -> 26998.49 | Y7: 9600 | Z7: =W7/U7 -> 3.043948 | AA7: =$B$4/W7 -> 35.997987
D8: 7 | E8: 918 | F8: 1102 | G8: 1321 | H8: 1587 | I8: 1899 | J8: 2294 | L8: dwójek full | M8: =MAXA(M7+M6-O7-Tabela6[[#This Row],[Done]],0) -> 0 | N8: 20 | O8: =MAXA(-(M7+M6-O7-Tabela6[[#This Row],[Done]]),0) -> 20 | P8: =M8*$B$3 -> 0 | Q8: =Tabela6[[#This Row],[Missing]]*4000 -> 0 | R8: 9 | T8: 4* | U8: 600 | V8: 1* | W8: =W4 -> 1007.379 | X8: =$U8*$B$5/$W8 -> 113016.05 | Y8: 22300 | Z8: =W8/U8 -> 1.678965 | AA8: =$B$5/W8 -> 188.36009
D9: 8 | E9: 1029 | F9: 1235 | G9: 1483 | H9: 1781 | I9: 2131 | J9: 2574 | L9: dwójek 1 | M9: =MAXA(2*(M7+M6-O7)-Tabela6[[#This Row],[Done]],0) -> 0 | N9: 3 | O9: =MAXA(-(2*M7+M8-Tabela6[[#This Row],[Done]]),0) -> 3 | Q9: =Tabela6[[#This Row],[Missing]]*11000 -> 0 | R9: 20
D10: 9 | E10: 1155 | F10: 1386 | G10: 1663 | H10: 1998 | I10: 2392 | J10: 2888 | L10: jedynek full | M10: 0 | N10: 0 | P10: =Tabela6[[#This Row],[Missing]]*$B$2 -> 0 | Q10: =Tabela6[[#This Row],[Missing]]*4000 -> 0 | R10: 0
D11: 10 | E11: 1296 | F11: 1555 | G11: 1866 | H11: 2243 | I11: 2682 | J11: 3240 | L11: jedynek 1 | M11: =MAXA(2*M10-Tabela6[[#This Row],[Done]],0) -> 0 | N11: 0 | Q11: =Tabela6[[#This Row],[Missing]]*4000 -> 0 | R11: 0
D12: 11 | E12: 1455 | F12: 1745 | G12: 2094 | H12: 2515 | I12: 3010 | J12: 3635 | N12: Total XP to gain | P12: =SUM(Tabela6[XP to gain]) -> 0 | Q12: =SUM(Q3:Q9) -> 22300
D13: 12 | E13: 1631 | F13: 1958 | G13: 2350 | H13: 2823 | I13: 3378 | J13: 4079
D14: 13 | E14: 1831 | F14: 2197 | G14: 2636 | H14: 3167 | I14: 3789 | J14: 4576 | L14: Kolumna1 | M14: Missing | N14: Done | O14: XP to gain | P14: Kolumna2
D15: 14 | E15: 2054 | F15: 2465 | G15: 2957 | H15: 3553 | I15: 4252 | J15: 5135 | L15: piątki 1 | M15: 1 | N15: 0 | O15: 0
D16: 15 | F16: 2765 | G16: 3319 | H16: 3987 | I16: 4770 | J16: 5762 | L16: czworki full | M16: =M15-Tabela66[[#This Row],[Done]] -> 1 | N16: 0 | O16: =M16*$B$5 -> 189750
D17: 16 | F17: 3103 | G17: 3723 | H17: 4473 | I17: 5352 | J17: 6464 | L17: czworek 1 | M17: =MAXA(4-Tabela66[[#This Row],[Done]],0) -> 4 | N17: 0 | P17: 1
D18: 17 | F18: 3481 | G18: 4178 | H18: 5019 | I18: 6006 | J18: 7252 | L18: trojek full | M18: =MAXA(M17-Tabela66[[#This Row],[Done]],0) -> 4 | N18: 0 | O18: =M18*$B$4 -> 328728
D19: 18 | F19: 3906 | G19: 4687 | H19: 5631 | I19: 6738 | J19: 8138 | L19: trojek 1 | M19: =3*(M17+M16)-Tabela66[[#This Row],[Done]] -> 15 | N19: 0 | P19: 1
D20: 19 | F20: 4423 | G20: 5307 | H20: 6376 | I20: 7628 | J20: 9214 | L20: dwójek full | M20: =MAXA(M19+M18-Tabela66[[#This Row],[Done]],0) -> 19 | N20: 0 | O20: =M20*$B$3 -> 680618
D21: 20 | G21: 6009 | H21: 7219 | I21: 8638 | J21: 10431 | L21: dwójek 1 | M21: =2*(M19+M18)-Tabela66[[#This Row],[Done]] -> 38 | N21: 0 | P21: 2
D22: 21 | G22: 6802 | H22: 8172 | I22: 9779 | J22: 11811 | L22: jedynek full | M22: 0 | N22: 0 | O22: =Tabela66[[#This Row],[Missing]]*$B$2 -> 0
D23: 22 | G23: 7703 | H23: 9254 | I23: 11072 | J23: 13371 | L23: jedynek 1 | M23: 0 | N23: 0 | P23: 45
D24: 23 | G24: 8720 | H24: 10476 | I24: 12535 | J24: 15140 | N24: Total XP to gain | O24: =SUM(Tabela66[XP to gain]) -> 1199096
D25: 24 | G25: 9962 | H25: 11969 | I25: 14321 | J25: 17296
D26: 25 | H26: 13673 | I26: 16360 | J26: 19758 | L26: Veromos
D27: 26 | H27: 15619 | I27: 18690 | J27: 22572 | L27: Kolumna1 | M27: Missing | N27: Done | O27: XP to gain
D28: 27 | H28: 17844 | I28: 21350 | J28: 25786 | L28: piątki full | M28: =4-Tabela610[[#This Row],[Done]] -> 1 | N28: 3 | O28: =Tabela610[[#This Row],[Missing]]*$B$6 -> 446647 | P28: 2
D29: 28 | H29: 20386 | I29: 24392 | J29: 29458 | L29: czworki full | M29: =16-Tabela610[[#This Row],[Done]] -> 0 | N29: 16 | O29: =M29*$B$5 -> 0 | P29: 14
D30: 29 | H30: 23495 | I30: 28113 | J30: 33954 | L30: czworek 1 | M30: 0 | N30: 0
D31: 30 | I31: 32404 | J31: 39134 | L31: trojek full | M31: =MAXA(M30-Tabela610[[#This Row],[Done]],0) -> 0 | N31: =O6 -> 15 | O31: =M31*$B$4 -> 0 | P31: 15
D32: 31 | I32: 37348 | J32: 45107 | L32: trojek 1 | M32: =MAXA(3*M30-Tabela610[[#This Row],[Done]],0) -> 0 | N32: =O7 -> 0 | P32: 4
D33: 32 | I33: 43048 | J33: 51990 | L33: dwójek full | M33: 0 | N33: =O8 -> 20 | O33: =M33*$B$3 -> 0 | P33: 5
D34: 33 | I34: 49617 | J34: 59924 | L34: dwójek 1 | M34: =MAXA(2*(M31+M32-10)-Tabela610[[#This Row],[Done]],0) -> 0 | N34: =O9 -> 3 | P34: 34
D35: 34 | I35: 57188 | J35: 69068 | L35: jedynek full | M35: 0 | N35: 0 | O35: =Tabela610[[#This Row],[Missing]]*$B$2 -> 0
D36: 35 | J36: 76085 | L36: jedynek 1 | M36: =MAXA(2*M35-Tabela610[[#This Row],[Done]],0) -> 0 | N36: 500
D37: 36 | J37: 83816 | N37: Total XP to gain | O37: =SUM(Tabela610[XP to gain]) -> 446647
D38: 37 | J38: 92332
D39: 38 | J39: 101712
D40: 39 | J40: 112046
D41: 40

Sheet Arkusz3
A1: Rune Set | B1: Skill | C1: Att % | D1: Spd + | E1: nuke % dmg 1st skill | F1: DPS % 1ST skill | G1: Nuke 2 turns | H1: DPS 2 turns | I1: Speed buff | K1: Basic spd | L1: Speed staat + | M1: Att % basic | N1: Att % rune | O1: SPD
A2: Fatal/Att | B2: 1 | C2: =$M$2+N2+0.35 -> 1.65 | D2: =$K$2+$L$2 -> 131 | E2: =(265+1.25*$D2)/100*(1+$C2) -> 11.361875 | F2: =E2 -> 11.361875 | G2: =E2+E6 -> 19.776875 | H2: =F2+F6 -> 19.776875 | I2: =(265+1.25*$D2*1.33)/100*(1+$C2) -> 12.793869 | K2: 100 | L2: 31 | M2: 0.93 | N2: 0.37 | O2: 39
A3: Fatal/Spd | B3: 1 | C3: =C2-N2 -> 1.28 | D3: =D2+$O$2 -> 170 | E3: =(265+1.25*$D3)/100*(1+$C3) -> 10.887 | F3: =E3*D3/$D$2 -> 14.128168 | G3: =E3+E7 -> 17.415 | H3: =F3+F7 -> 22.599618 | I3: =(265+1.25*$D3*1.33)/100*(1+$C3) -> 12.48585 | K3: 100 | L3: 31 | M3: 0.93 | N3: 0.63 | O3: 39
A4: Spd/Att | B4: 1 | C4: =$M$2+N2 -> 1.3 | D4: =D2+20 -> 151 | E4: =(265+1.25*$D4)/100*(1+$C4) -> 10.43625 | F4: =E4*D4/$D$2 -> 12.029571 | G4: =E4+E8 -> 17.06625 | H4: =F4+F8 -> 19.671784 | I4: =(265+1.25*$D4*1.33)/100*(1+$C4) -> 11.868862
A5: Spd/Spd | B5: 1 | C5: =$M$2 -> 0.93 | D5: =D4+$O$2 -> 190 | E5: =(265+1.25*$D5)/100*(1+$C5) -> 9.69825 | F5: =E5*D5/$D$2 -> 14.066164 | G5: =E5+E9 -> 14.44125 | H5: =F5+F9 -> 20.945324 | I5: =(265+1.25*$D5*1.33)/100*(1+$C5) -> 11.210888
A6: Fatal/Att | B6: 2 | C6: =C2 -> 1.65 | D6: =D2 -> 131 | E6: =1.7*3*C6 -> 8.415 | F6: =E6*D6/$D$2 -> 8.415
A7: Fatal/Spd | B7: 2 | C7: =C3 -> 1.28 | D7: =D3 -> 170 | E7: =1.7*3*C7 -> 6.528 | F7: =E7*D7/$D$2 -> 8.4714504
A8: Spd/Att | B8: 2 | C8: =C4 -> 1.3 | D8: =D4 -> 151 | E8: =1.7*3*C8 -> 6.63 | F8: =E8*D8/$D$2 -> 7.6422137
A9: Spd/Spd | B9: 2 | C9: =C5 -> 0.93 | D9: =D5 -> 190 | E9: =1.7*3*C9 -> 4.743 | F9: =E9*D9/$D$2 -> 6.8791603

Sheet Drop analityka
A1: Location | B1: LVL | C1: Stage | D1: Mana drop | E1: Energy Drop | F1: Drop | G1: Quality/Quantity | H1: Grade | I1: Sell Drop | J1: Drop Worth | K1: Fod Worth | L1: Exp Gain | M1: Fail | O1: Drop | P1: Grade | Q1: Drop Worth | R1: Fod Worth | S1: Exp Gain | T1: Exp Gain only 2*+
A2: Tamor Desert | B2: Normal | C2: 1 | D2: 1315 | E2: 2 | I2: 912 | J2: =DropAnalityka[[#This Row],[Sell Drop]]+IFERROR(SUMIFS(Tabela10[Drop Worth],Tabela10[Drop],DropAnalityka[[#This Row],[Drop]],Tabela10[Grade],DropAnalityka[[#This Row],[Grade]])*DropAnalityka[[#This Row],[Quality/Quantity]],0) -> 912 | K2: =IFERROR(SUMIFS(Tabela10[Fod Worth],Tabela10[Drop],DropAnalityka[[#This Row],[Drop]],Tabela10[Grade],DropAnalityka[[#This Row],[Grade]])*DropAnalityka[[#This Row],[Quality/Quantity]],0) -> 0 | L2: =IFERROR(SUMIFS(Tabela10[Exp Gain only 2*+],Tabela10[Drop],DropAnalityka[[#This Row],[Drop]],Tabela10[Grade],DropAnalityka[[#This Row],[Grade]])*DropAnalityka[[#This Row],[Quality/Quantity]],0) -> 0 | O2: Fod | P2: 2* | R2: 11500 | S2: 15120 | T2: 0
A3: Tamor Desert | B3: Normal | C3: 3 | D3: 1255 | E3: 0 | I3: 325 | J3: =DropAnalityka[[#This Row],[Sell Drop]]+IFERROR(SUMIFS(Tabela10[Drop Worth],Tabela10[Drop],DropAnalityka[[#This Row],[Drop]],Tabela10[Grade],DropAnalityka[[#This Row],[Grade]])*DropAnalityka[[#This Row],[Quality/Quantity]],0) -> 325 | K3: =IFERROR(SUMIFS(Tabela10[Fod Worth],Tabela10[Drop],DropAnalityka[[#This Row],[Drop]],Tabela10[Grade],DropAnalityka[[#This Row],[Grade]])*DropAnalityka[[#This Row],[Quality/Quantity]],0) -> 0 | L3: =IFERROR(SUMIFS(Tabela10[Exp Gain only 2*+],Tabela10[Drop],DropAnalityka[[#This Row],[Drop]],Tabela10[Grade],DropAnalityka[[#This Row],[Grade]])*DropAnalityka[[#This Row],[Quality/Quantity]],0) -> 0 | O3: Fod | P3: 3* | R3: 34500 | S3: =3*'EXP lvls'!B2+Tabela4[[#This Row],[EXP to TOP lvl]] -> 81182 | T3: 35822
A4: Tamor Desert | B4: Normal | C4: 3 | D4: 1668 | E4: 1 | F4: Fod | G4: 1 | H4: 2* | I4: 0 | J4: =DropAnalityka[[#This Row],[Sell Drop]]+IFERROR(SUMIFS(Tabela10[Drop Worth],Tabela10[Drop],DropAnalityka[[#This Row],[Drop]],Tabela10[Grade],DropAnalityka[[#This Row],[Grade]])*DropAnalityka[[#This Row],[Quality/Quantity]],0) -> 0 | K4: =IFERROR(SUMIFS(Tabela10[Fod Worth],Tabela10[Drop],DropAnalityka[[#This Row],[Drop]],Tabela10[Grade],DropAnalityka[[#This Row],[Grade]])*DropAnalityka[[#This Row],[Quality/Quantity]],0) -> 11500 | L4: =IFERROR(SUMIFS(Tabela10[Exp Gain only 2*+],Tabela10[Drop],DropAnalityka[[#This Row],[Drop]],Tabela10[Grade],DropAnalityka[[#This Row],[Grade]])*DropAnalityka[[#This Row],[Quality/Quantity]],0) -> 0 | O4: Rainb | P4: 2* | R4: 11500 | S4: =S3 -> 81182 | T4: 35822
A5: Tamor Desert | B5: Normal | C5: 3 | D5: 1008 | E5: 0 | I5: 325 | J5: =DropAnalityka[[#This Row],[Sell Drop]]+IFERROR(SUMIFS(Tabela10[Drop Worth],Tabela10[Drop],DropAnalityka[[#This Row],[Drop]],Tabela10[Grade],DropAnalityka[[#This Row],[Grade]])*DropAnalityka[[#This Row],[Quality/Quantity]],0) -> 325 | K5: =IFERROR(SUMIFS(Tabela10[Fod Worth],Tabela10[Drop],DropAnalityka[[#This Row],[Drop]],Tabela10[Grade],DropAnalityka[[#This Row],[Grade]])*DropAnalityka[[#This Row],[Quality/Quantity]],0) -> 0 | L5: =IFERROR(SUMIFS(Tabela10[Exp Gain only 2*+],Tabela10[Drop],DropAnalityka[[#This Row],[Drop]],Tabela10[Grade],DropAnalityka[[#This Row],[Grade]])*DropAnalityka[[#This Row],[Quality/Quantity]],0) -> 0 | O5: Rainb | P5: 3* | R5: 34500 | S5: =S4+'EXP lvls'!B4 -> 163364 | T5: ='EXP lvls'!B3+'EXP lvls'!B4 -> 118004
A6: Tamor Desert | B6: Normal | C6: 3 | D6: 1619 | E6: 1 | I6: 325 | J6: =DropAnalityka[[#This Row],[Sell Drop]]+IFERROR(SUMIFS(Tabela10[Drop Worth],Tabela10[Drop],DropAnalityka[[#This Row],[Drop]],Tabela10[Grade],DropAnalityka[[#This Row],[Grade]])*DropAnalityka[[#This Row],[Quality/Quantity]],0) -> 325 | K6: =IFERROR(SUMIFS(Tabela10[Fod Worth],Tabela10[Drop],DropAnalityka[[#This Row],[Drop]],Tabela10[Grade],DropAnalityka[[#This Row],[Grade]])*DropAnalityka[[#This Row],[Quality/Quantity]],0) -> 0 | L6: =IFERROR(SUMIFS(Tabela10[Exp Gain only 2*+],Tabela10[Drop],DropAnalityka[[#This Row],[Drop]],Tabela10[Grade],DropAnalityka[[#This Row],[Grade]])*DropAnalityka[[#This Row],[Quality/Quantity]],0) -> 0 | O6: Scroll | P6: 1* | Q6: =(11500-300*5)/5 -> 2000 | S6: 800 | T6: 800
A7: Tamor Desert | B7: Normal | C7: 3 | D7: 1152 | E7: 1 | I7: 720 | J7: =DropAnalityka[[#This Row],[Sell Drop]]+IFERROR(SUMIFS(Tabela10[Drop Worth],Tabela10[Drop],DropAnalityka[[#This Row],[Drop]],Tabela10[Grade],DropAnalityka[[#This Row],[Grade]])*DropAnalityka[[#This Row],[Quality/Quantity]],0) -> 720 | K7: =IFERROR(SUMIFS(Tabela10[Fod Worth],Tabela10[Drop],DropAnalityka[[#This Row],[Drop]],Tabela10[Grade],DropAnalityka[[#This Row],[Grade]])*DropAnalityka[[#This Row],[Quality/Quantity]],0) -> 0 | L7: =IFERROR(SUMIFS(Tabela10[Exp Gain only 2*+],Tabela10[Drop],DropAnalityka[[#This Row],[Drop]],Tabela10[Grade],DropAnalityka[[#This Row],[Grade]])*DropAnalityka[[#This Row],[Quality/Quantity]],0) -> 0 | O7: MystScroll | P7: 1* | Q7: 120000 | R7: 0 | S7: 0 | T7: 0
A8: Tamor Desert | B8: Normal | C8: 3 | D8: 1007 | E8: 0 | F8: Scroll | G8: 1 | H8: 1* | I8: 0 | J8: =DropAnalityka[[#This Row],[Sell Drop]]+IFERROR(SUMIFS(Tabela10[Drop Worth],Tabela10[Drop],DropAnalityka[[#This Row],[Drop]],Tabela10[Grade],DropAnalityka[[#This Row],[Grade]])*DropAnalityka[[#This Row],[Quality/Quantity]],0) -> 2000 | K8: =IFERROR(SUMIFS(Tabela10[Fod Worth],Tabela10[Drop],DropAnalityka[[#This Row],[Drop]],Tabela10[Grade],DropAnalityka[[#This Row],[Grade]])*DropAnalityka[[#This Row],[Quality/Quantity]],0) -> 0 | L8: =IFERROR(SUMIFS(Tabela10[Exp Gain only 2*+],Tabela10[Drop],DropAnalityka[[#This Row],[Drop]],Tabela10[Grade],DropAnalityka[[#This Row],[Grade]])*DropAnalityka[[#This Row],[Quality/Quantity]],0) -> 800 | O8: SumStone | P8: 3* | R8: =R3/40 -> 862.5 | T8: =T3/40 -> 895.55
A9: Tamor Desert | B9: Normal | C9: 3 | D9: 1401 | E9: 0 | F9: Fod | G9: 1 | H9: 2* | I9: 0 | J9: =DropAnalityka[[#This Row],[Sell Drop]]+IFERROR(SUMIFS(Tabela10[Drop Worth],Tabela10[Drop],DropAnalityka[[#This Row],[Drop]],Tabela10[Grade],DropAnalityka[[#This Row],[Grade]])*DropAnalityka[[#This Row],[Quality/Quantity]],0) -> 0 | K9: =IFERROR(SUMIFS(Tabela10[Fod Worth],Tabela10[Drop],DropAnalityka[[#This Row],[Drop]],Tabela10[Grade],DropAnalityka[[#This Row],[Grade]])*DropAnalityka[[#This Row],[Quality/Quantity]],0) -> 11500 | L9: =IFERROR(SUMIFS(Tabela10[Exp Gain only 2*+],Tabela10[Drop],DropAnalityka[[#This Row],[Drop]],Tabela10[Grade],DropAnalityka[[#This Row],[Grade]])*DropAnalityka[[#This Row],[Quality/Quantity]],0) -> 0
A10: Tamor Desert | B10: Normal | C10: 3 | D10: 1705 | E10: 1 | F10: Scroll | G10: 1 | H10: 1* | I10: 0 | J10: =DropAnalityka[[#This Row],[Sell Drop]]+IFERROR(SUMIFS(Tabela10[Drop Worth],Tabela10[Drop],DropAnalityka[[#This Row],[Drop]],Tabela10[Grade],DropAnalityka[[#This Row],[Grade]])*DropAnalityka[[#This Row],[Quality/Quantity]],0) -> 2000 | K10: =IFERROR(SUMIFS(Tabela10[Fod Worth],Tabela10[Drop],DropAnalityka[[#This Row],[Drop]],Tabela10[Grade],DropAnalityka[[#This Row],[Grade]])*DropAnalityka[[#This Row],[Quality/Quantity]],0) -> 0 | L10: =IFERROR(SUMIFS(Tabela10[Exp Gain only 2*+],Tabela10[Drop],DropAnalityka[[#This Row],[Drop]],Tabela10[Grade],DropAnalityka[[#This Row],[Grade]])*DropAnalityka[[#This Row],[Quality/Quantity]],0) -> 800 | O10: Licznik z LVL | P10: Etykiety kolumn
A11: Tamor Desert | B11: Normal | C11: 3 | D11: 1033 | E11: 0 | I11: 720 | J11: =DropAnalityka[[#This Row],[Sell Drop]]+IFERROR(SUMIFS(Tabela10[Drop Worth],Tabela10[Drop],DropAnalityka[[#This Row],[Drop]],Tabela10[Grade],DropAnalityka[[#This Row],[Grade]])*DropAnalityka[[#This Row],[Quality/Quantity]],0) -> 720 | K11: =IFERROR(SUMIFS(Tabela10[Fod Worth],Tabela10[Drop],DropAnalityka[[#This Row],[Drop]],Tabela10[Grade],DropAnalityka[[#This Row],[Grade]])*DropAnalityka[[#This Row],[Quality/Quantity]],0) -> 0 | L11: =IFERROR(SUMIFS(Tabela10[Exp Gain only 2*+],Tabela10[Drop],DropAnalityka[[#This Row],[Drop]],Tabela10[Grade],DropAnalityka[[#This Row],[Grade]])*DropAnalityka[[#This Row],[Quality/Quantity]],0) -> 0 | O11: Etykiety wierszy | P11: 0 | Q11: 1* | R11: 2* | S11: 3* | T11: 4* | U11: 5* | V11: 6* | W11: (puste) | X11: Suma końcowa
A12: Tamor Desert | B12: Normal | C12: 3 | D12: 645 | E12: 0 | F12: Fod | G12: 1 | H12: 2* | I12: 0 | J12: =DropAnalityka[[#This Row],[Sell Drop]]+IFERROR(SUMIFS(Tabela10[Drop Worth],Tabela10[Drop],DropAnalityka[[#This Row],[Drop]],Tabela10[Grade],DropAnalityka[[#This Row],[Grade]])*DropAnalityka[[#This Row],[Quality/Quantity]],0) -> 0 | K12: =IFERROR(SUMIFS(Tabela10[Fod Worth],Tabela10[Drop],DropAnalityka[[#This Row],[Drop]],Tabela10[Grade],DropAnalityka[[#This Row],[Grade]])*DropAnalityka[[#This Row],[Quality/Quantity]],0) -> 11500 | L12: =IFERROR(SUMIFS(Tabela10[Exp Gain only 2*+],Tabela10[Drop],DropAnalityka[[#This Row],[Drop]],Tabela10[Grade],DropAnalityka[[#This Row],[Grade]])*DropAnalityka[[#This Row],[Quality/Quantity]],0) -> 0 | O12: Dragon | Q12: 35 | R12: 6 | S12: 3 | T12: 46 | U12: 43 | V12: 10 | W12: 4 | X12: 147
A13: Tamor Desert | B13: Normal | C13: 3 | D13: 1091 | E13: 4 | I13: 325 | J13: =DropAnalityka[[#This Row],[Sell Drop]]+IFERROR(SUMIFS(Tabela10[Drop Worth],Tabela10[Drop],DropAnalityka[[#This Row],[Drop]],Tabela10[Grade],DropAnalityka[[#This Row],[Grade]])*DropAnalityka[[#This Row],[Quality/Quantity]],0) -> 325 | K13: =IFERROR(SUMIFS(Tabela10[Fod Worth],Tabela10[Drop],DropAnalityka[[#This Row],[Drop]],Tabela10[Grade],DropAnalityka[[#This Row],[Grade]])*DropAnalityka[[#This Row],[Quality/Quantity]],0) -> 0 | L13: =IFERROR(SUMIFS(Tabela10[Exp Gain only 2*+],Tabela10[Drop],DropAnalityka[[#This Row],[Drop]],Tabela10[Grade],DropAnalityka[[#This Row],[Grade]])*DropAnalityka[[#This Row],[Quality/Quantity]],0) -> 0 | O13: 7 | T13: 3 | X13: 3
A14: Tamor Desert | B14: Normal | C14: 3 | D14: 519 | E14: 2 | I14: 487 | J14: =DropAnalityka[[#This Row],[Sell Drop]]+IFERROR(SUMIFS(Tabela10[Drop Worth],Tabela10[Drop],DropAnalityka[[#This Row],[Drop]],Tabela10[Grade],DropAnalityka[[#This Row],[Grade]])*DropAnalityka[[#This Row],[Quality/Quantity]],0) -> 487 | K14: =IFERROR(SUMIFS(Tabela10[Fod Worth],Tabela10[Drop],DropAnalityka[[#This Row],[Drop]],Tabela10[Grade],DropAnalityka[[#This Row],[Grade]])*DropAnalityka[[#This Row],[Quality/Quantity]],0) -> 0 | L14: =IFERROR(SUMIFS(Tabela10[Exp Gain only 2*+],Tabela10[Drop],DropAnalityka[[#This Row],[Drop]],Tabela10[Grade],DropAnalityka[[#This Row],[Grade]])*DropAnalityka[[#This Row],[Quality/Quantity]],0) -> 0 | O14: 8 | Q14: 6 | R14: 1 | T14: 6 | U14: 5 | X14: 18
A15: Tamor Desert | B15: Normal | C15: 3 | D15: 1378 | E15: 1 | I15: 325 | J15: =DropAnalityka[[#This Row],[Sell Drop]]+IFERROR(SUMIFS(Tabela10[Drop Worth],Tabela10[Drop],DropAnalityka[[#This Row],[Drop]],Tabela10[Grade],DropAnalityka[[#This Row],[Grade]])*DropAnalityka[[#This Row],[Quality/Quantity]],0) -> 325 | K15: =IFERROR(SUMIFS(Tabela10[Fod Worth],Tabela10[Drop],DropAnalityka[[#This Row],[Drop]],Tabela10[Grade],DropAnalityka[[#This Row],[Grade]])*DropAnalityka[[#This Row],[Quality/Quantity]],0) -> 0 | L15: =IFERROR(SUMIFS(Tabela10[Exp Gain only 2*+],Tabela10[Drop],DropAnalityka[[#This Row],[Drop]],Tabela10[Grade],DropAnalityka[[#This Row],[Grade]])*DropAnalityka[[#This Row],[Quality/Quantity]],0) -> 0 | O15: 9 | Q15: 24 | R15: 4 | S15: 2 | T15: 35 | U15: 32 | V15: 9 | W15: 4 | X15: 110
A16: Tamor Desert | B16: Normal | C16: 3 | D16: 1455 | E16: 1 | I16: 325 | J16: =DropAnalityka[[#This Row],[Sell Drop]]+IFERROR(SUMIFS(Tabela10[Drop Worth],Tabela10[Drop],DropAnalityka[[#This Row],[Drop]],Tabela10[Grade],DropAnalityka[[#This Row],[Grade]])*DropAnalityka[[#This Row],[Quality/Quantity]],0) -> 325 | K16: =IFERROR(SUMIFS(Tabela10[Fod Worth],Tabela10[Drop],DropAnalityka[[#This Row],[Drop]],Tabela10[Grade],DropAnalityka[[#This Row],[Grade]])*DropAnalityka[[#This Row],[Quality/Quantity]],0) -> 0 | L16: =IFERROR(SUMIFS(Tabela10[Exp Gain only 2*+],Tabela10[Drop],DropAnalityka[[#This Row],[Drop]],Tabela10[Grade],DropAnalityka[[#This Row],[Grade]])*DropAnalityka[[#This Row],[Quality/Quantity]],0) -> 0 | O16: 10 | Q16: 5 | R16: 1 | S16: 1 | T16: 2 | U16: 6 | V16: 1 | X16: 16
A17: Tamor Desert | B17: Normal | C17: 3 | D17: 790 | E17: 2 | F17: Fod | G17: 1 | H17: 1* | I17: 0 | J17: =DropAnalityka[[#This Row],[Sell Drop]]+IFERROR(SUMIFS(Tabela10[Drop Worth],Tabela10[Drop],DropAnalityka[[#This Row],[Drop]],Tabela10[Grade],DropAnalityka[[#This Row],[Grade]])*DropAnalityka[[#This Row],[Quality/Quantity]],0) -> 0 | K17: =IFERROR(SUMIFS(Tabela10[Fod Worth],Tabela10[Drop],DropAnalityka[[#This Row],[Drop]],Tabela10[Grade],DropAnalityka[[#This Row],[Grade]])*DropAnalityka[[#This Row],[Quality/Quantity]],0) -> 0 | L17: =IFERROR(SUMIFS(Tabela10[Exp Gain only 2*+],Tabela10[Drop],DropAnalityka[[#This Row],[Drop]],Tabela10[Grade],DropAnalityka[[#This Row],[Grade]])*DropAnalityka[[#This Row],[Quality/Quantity]],0) -> 0 | O17: Giants | P17: 1 | Q17: 60 | R17: 11 | S17: 7 | T17: 86 | U17: 105 | V17: 12 | W17: 21 | X17: 303
A18: Tamor Desert | B18: Normal | C18: 3 | D18: 1881 | E18: 2 | F18: Scroll | G18: 1 | H18: 1* | I18: 0 | J18: =DropAnalityka[[#This Row],[Sell Drop]]+IFERROR(SUMIFS(Tabela10[Drop Worth],Tabela10[Drop],DropAnalityka[[#This Row],[Drop]],Tabela10[Grade],DropAnalityka[[#This Row],[Grade]])*DropAnalityka[[#This Row],[Quality/Quantity]],0) -> 2000 | K18: =IFERROR(SUMIFS(Tabela10[Fod Worth],Tabela10[Drop],DropAnalityka[[#This Row],[Drop]],Tabela10[Grade],DropAnalityka[[#This Row],[Grade]])*DropAnalityka[[#This Row],[Quality/Quantity]],0) -> 0 | L18: =IFERROR(SUMIFS(Tabela10[Exp Gain only 2*+],Tabela10[Drop],DropAnalityka[[#This Row],[Drop]],Tabela10[Grade],DropAnalityka[[#This Row],[Grade]])*DropAnalityka[[#This Row],[Quality/Quantity]],0) -> 800 | O18: 3 | W18: 1 | X18: 1
A19: Tamor Desert | B19: Normal | C19: 3 | D19: 1508 | E19: 0 | I19: 325 | J19: =DropAnalityka[[#This Row],[Sell Drop]]+IFERROR(SUMIFS(Tabela10[Drop Worth],Tabela10[Drop],DropAnalityka[[#This Row],[Drop]],Tabela10[Grade],DropAnalityka[[#This Row],[Grade]])*DropAnalityka[[#This Row],[Quality/Quantity]],0) -> 325 | K19: =IFERROR(SUMIFS(Tabela10[Fod Worth],Tabela10[Drop],DropAnalityka[[#This Row],[Drop]],Tabela10[Grade],DropAnalityka[[#This Row],[Grade]])*DropAnalityka[[#This Row],[Quality/Quantity]],0) -> 0 | L19: =IFERROR(SUMIFS(Tabela10[Exp Gain only 2*+],Tabela10[Drop],DropAnalityka[[#This Row],[Drop]],Tabela10[Grade],DropAnalityka[[#This Row],[Grade]])*DropAnalityka[[#This Row],[Quality/Quantity]],0) -> 0 | O19: 4 | W19: 1 | X19: 1
A20: Tamor Desert | B20: Normal | C20: 3 | D20: 970 | E20: 0 | I20: 433 | J20: =DropAnalityka[[#This Row],[Sell Drop]]+IFERROR(SUMIFS(Tabela10[Drop Worth],Tabela10[Drop],DropAnalityka[[#This Row],[Drop]],Tabela10[Grade],DropAnalityka[[#This Row],[Grade]])*DropAnalityka[[#This Row],[Quality/Quantity]],0) -> 433 | K20: =IFERROR(SUMIFS(Tabela10[Fod Worth],Tabela10[Drop],DropAnalityka[[#This Row],[Drop]],Tabela10[Grade],DropAnalityka[[#This Row],[Grade]])*DropAnalityka[[#This Row],[Quality/Quantity]],0) -> 0 | L20: =IFERROR(SUMIFS(Tabela10[Exp Gain only 2*+],Tabela10[Drop],DropAnalityka[[#This Row],[Drop]],Tabela10[Grade],DropAnalityka[[#This Row],[Grade]])*DropAnalityka[[#This Row],[Quality/Quantity]],0) -> 0 | O20: 5 | Q20: 5 | W20: 11 | X20: 16
A21: Tamor Desert | B21: Normal | C21: 3 | D21: 1863 | E21: 0 | I21: 379 | J21: =DropAnalityka[[#This Row],[Sell Drop]]+IFERROR(SUMIFS(Tabela10[Drop Worth],Tabela10[Drop],DropAnalityka[[#This Row],[Drop]],Tabela10[Grade],DropAnalityka[[#This Row],[Grade]])*DropAnalityka[[#This Row],[Quality/Quantity]],0) -> 379 | K21: =IFERROR(SUMIFS(Tabela10[Fod Worth],Tabela10[Drop],DropAnalityka[[#This Row],[Drop]],Tabela10[Grade],DropAnalityka[[#This Row],[Grade]])*DropAnalityka[[#This Row],[Quality/Quantity]],0) -> 0 | L21: =IFERROR(SUMIFS(Tabela10[Exp Gain only 2*+],Tabela10[Drop],DropAnalityka[[#This Row],[Drop]],Tabela10[Grade],DropAnalityka[[#This Row],[Grade]])*DropAnalityka[[#This Row],[Quality/Quantity]],0) -> 0 | O21: 6 | Q21: 3 | R21: 1 | T21: 1 | W21: 6 | X21: 11
A22: Tamor Desert | B22: Normal | C22: 3 | D22: 1298 | E22: 1 | F22: Fod | G22: 1 | H22: 1* | I22: 0 | J22: =DropAnalityka[[#This Row],[Sell Drop]]+IFERROR(SUMIFS(Tabela10[Drop Worth],Tabela10[Drop],DropAnalityka[[#This Row],[Drop]],Tabela10[Grade],DropAnalityka[[#This Row],[Grade]])*DropAnalityka[[#This Row],[Quality/Quantity]],0) -> 0 | K22: =IFERROR(SUMIFS(Tabela10[Fod Worth],Tabela10[Drop],DropAnalityka[[#This Row],[Drop]],Tabela10[Grade],DropAnalityka[[#This Row],[Grade]])*DropAnalityka[[#This Row],[Quality/Quantity]],0) -> 0 | L22: =IFERROR(SUMIFS(Tabela10[Exp Gain only 2*+],Tabela10[Drop],DropAnalityka[[#This Row],[Drop]],Tabela10[Grade],DropAnalityka[[#This Row],[Grade]])*DropAnalityka[[#This Row],[Quality/Quantity]],0) -> 0 | O22: 7 | Q22: 17 | R22: 1 | S22: 3 | T22: 23 | U22: 5 | W22: 1 | X22: 50
A23: Tamor Desert | B23: Normal | C23: 3 | D23: 867 | E23: 2 | I23: 325 | J23: =DropAnalityka[[#This Row],[Sell Drop]]+IFERROR(SUMIFS(Tabela10[Drop Worth],Tabela10[Drop],DropAnalityka[[#This Row],[Drop]],Tabela10[Grade],DropAnalityka[[#This Row],[Grade]])*DropAnalityka[[#This Row],[Quality/Quantity]],0) -> 325 | K23: =IFERROR(SUMIFS(Tabela10[Fod Worth],Tabela10[Drop],DropAnalityka[[#This Row],[Drop]],Tabela10[Grade],DropAnalityka[[#This Row],[Grade]])*DropAnalityka[[#This Row],[Quality/Quantity]],0) -> 0 | L23: =IFERROR(SUMIFS(Tabela10[Exp Gain only 2*+],Tabela10[Drop],DropAnalityka[[#This Row],[Drop]],Tabela10[Grade],DropAnalityka[[#This Row],[Grade]])*DropAnalityka[[#This Row],[Quality/Quantity]],0) -> 0 | O23: 8 | Q23: 8 | T23: 17 | U23: 11 | W23: 1 | X23: 37
A24: Tamor Desert | B24: Normal | C24: 3 | D24: 1453 | E24: 1 | I24: 325 | J24: =DropAnalityka[[#This Row],[Sell Drop]]+IFERROR(SUMIFS(Tabela10[Drop Worth],Tabela10[Drop],DropAnalityka[[#This Row],[Drop]],Tabela10[Grade],DropAnalityka[[#This Row],[Grade]])*DropAnalityka[[#This Row],[Quality/Quantity]],0) -> 325 | K24: =IFERROR(SUMIFS(Tabela10[Fod Worth],Tabela10[Drop],DropAnalityka[[#This Row],[Drop]],Tabela10[Grade],DropAnalityka[[#This Row],[Grade]])*DropAnalityka[[#This Row],[Quality/Quantity]],0) -> 0 | L24: =IFERROR(SUMIFS(Tabela10[Exp Gain only 2*+],Tabela10[Drop],DropAnalityka[[#This Row],[Drop]],Tabela10[Grade],DropAnalityka[[#This Row],[Grade]])*DropAnalityka[[#This Row],[Quality/Quantity]],0) -> 0 | O24: 10 | P24: 1 | Q24: 27 | R24: 9 | S24: 4 | T24: 45 | U24: 89 | V24: 12 | X24: 187
A25: Tamor Desert | B25: Normal | C25: 3 | D25: 1293 | E25: 0 | F25: Scroll | G25: 1 | H25: 1* | I25: 0 | J25: =DropAnalityka[[#This Row],[Sell Drop]]+IFERROR(SUMIFS(Tabela10[Drop Worth],Tabela10[Drop],DropAnalityka[[#This Row],[Drop]],Tabela10[Grade],DropAnalityka[[#This Row],[Grade]])*DropAnalityka[[#This Row],[Quality/Quantity]],0) -> 2000 | K25: =IFERROR(SUMIFS(Tabela10[Fod Worth],Tabela10[Drop],DropAnalityka[[#This Row],[Drop]],Tabela10[Grade],DropAnalityka[[#This Row],[Grade]])*DropAnalityka[[#This Row],[Quality/Quantity]],0) -> 0 | L25: =IFERROR(SUMIFS(Tabela10[Exp Gain only 2*+],Tabela10[Drop],DropAnalityka[[#This Row],[Drop]],Tabela10[Grade],DropAnalityka[[#This Row],[Grade]])*DropAnalityka[[#This Row],[Quality/Quantity]],0) -> 800 | O25: Suma końcowa | P25: 1 | Q25: 95 | R25: 17 | S25: 10 | T25: 132 | U25: 148 | V25: 22 | W25: 25 | X25: 450
A26: Tamor Desert | B26: Normal | C26: 3 | D26: 1406 | E26: 0 | I26: 325 | J26: =DropAnalityka[[#This Row],[Sell Drop]]+IFERROR(SUMIFS(Tabela10[Drop Worth],Tabela10[Drop],DropAnalityka[[#This Row],[Drop]],Tabela10[Grade],DropAnalityka[[#This Row],[Grade]])*DropAnalityka[[#This Row],[Quality/Quantity]],0) -> 325 | K26: =IFERROR(SUMIFS(Tabela10[Fod Worth],Tabela10[Drop],DropAnalityka[[#This Row],[Drop]],Tabela10[Grade],DropAnalityka[[#This Row],[Grade]])*DropAnalityka[[#This Row],[Quality/Quantity]],0) -> 0 | L26: =IFERROR(SUMIFS(Tabela10[Exp Gain only 2*+],Tabela10[Drop],DropAnalityka[[#This Row],[Drop]],Tabela10[Grade],DropAnalityka[[#This Row],[Grade]])*DropAnalityka[[#This Row],[Quality/Quantity]],0) -> 0
A27: Tamor Desert | B27: Normal | C27: 3 | D27: 1172 | E27: 1 | F27: Scroll | G27: 1 | H27: 1* | I27: 0 | J27: =DropAnalityka[[#This Row],[Sell Drop]]+IFERROR(SUMIFS(Tabela10[Drop Worth],Tabela10[Drop],DropAnalityka[[#This Row],[Drop]],Tabela10[Grade],DropAnalityka[[#This Row],[Grade]])*DropAnalityka[[#This Row],[Quality/Quantity]],0) -> 2000 | K27: =IFERROR(SUMIFS(Tabela10[Fod Worth],Tabela10[Drop],DropAnalityka[[#This Row],[Drop]],Tabela10[Grade],DropAnalityka[[#This Row],[Grade]])*DropAnalityka[[#This Row],[Quality/Quantity]],0) -> 0 | L27: =IFERROR(SUMIFS(Tabela10[Exp Gain only 2*+],Tabela10[Drop],DropAnalityka[[#This Row],[Drop]],Tabela10[Grade],DropAnalityka[[#This Row],[Grade]])*DropAnalityka[[#This Row],[Quality/Quantity]],0) -> 800
A28: Tamor Desert | B28: Normal | C28: 3 | D28: 1517 | E28: 2 | I28: 325 | J28: =DropAnalityka[[#This Row],[Sell Drop]]+IFERROR(SUMIFS(Tabela10[Drop Worth],Tabela10[Drop],DropAnalityka[[#This Row],[Drop]],Tabela10[Grade],DropAnalityka[[#This Row],[Grade]])*DropAnalityka[[#This Row],[Quality/Quantity]],0) -> 325 | K28: =IFERROR(SUMIFS(Tabela10[Fod Worth],Tabela10[Drop],DropAnalityka[[#This Row],[Drop]],Tabela10[Grade],DropAnalityka[[#This Row],[Grade]])*DropAnalityka[[#This Row],[Quality/Quantity]],0) -> 0 | L28: =IFERROR(SUMIFS(Tabela10[Exp Gain only 2*+],Tabela10[Drop],DropAnalityka[[#This Row],[Drop]],Tabela10[Grade],DropAnalityka[[#This Row],[Grade]])*DropAnalityka[[#This Row],[Quality/Quantity]],0) -> 0
A29: Tamor Desert | B29: Normal | C29: 3 | D29: 679 | E29: 0 | I29: 379 | J29: =DropAnalityka[[#This Row],[Sell Drop]]+IFERROR(SUMIFS(Tabela10[Drop Worth],Tabela10[Drop],DropAnalityka[[#This Row],[Drop]],Tabela10[Grade],DropAnalityka[[#This Row],[Grade]])*DropAnalityka[[#This Row],[Quality/Quantity]],0) -> 379 | K29: =IFERROR(SUMIFS(Tabela10[Fod Worth],Tabela10[Drop],DropAnalityka[[#This Row],[Drop]],Tabela10[Grade],DropAnalityka[[#This Row],[Grade]])*DropAnalityka[[#This Row],[Quality/Quantity]],0) -> 0 | L29: =IFERROR(SUMIFS(Tabela10[Exp Gain only 2*+],Tabela10[Drop],DropAnalityka[[#This Row],[Drop]],Tabela10[Grade],DropAnalityka[[#This Row],[Grade]])*DropAnalityka[[#This Row],[Quality/Quantity]],0) -> 0
A30: Tamor Desert | B30: Normal | C30: 3 | D30: 1263 | E30: 0 | I30: 487 | J30: =DropAnalityka[[#This Row],[Sell Drop]]+IFERROR(SUMIFS(Tabela10[Drop Worth],Tabela10[Drop],DropAnalityka[[#This Row],[Drop]],Tabela10[Grade],DropAnalityka[[#This Row],[Grade]])*DropAnalityka[[#This Row],[Quality/Quantity]],0) -> 487 | K30: =IFERROR(SUMIFS(Tabela10[Fod Worth],Tabela10[Drop],DropAnalityka[[#This Row],[Drop]],Tabela10[Grade],DropAnalityka[[#This Row],[Grade]])*DropAnalityka[[#This Row],[Quality/Quantity]],0) -> 0 | L30: =IFERROR(SUMIFS(Tabela10[Exp Gain only 2*+],Tabela10[Drop],DropAnalityka[[#This Row],[Drop]],Tabela10[Grade],DropAnalityka[[#This Row],[Grade]])*DropAnalityka[[#This Row],[Quality/Quantity]],0) -> 0
A31: Tamor Desert | B31: Normal | C31: 3 | D31: 497 | E31: 1 | F31: Scroll | G31: 1 | H31: 1* | I31: 0 | J31: =DropAnalityka[[#This Row],[Sell Drop]]+IFERROR(SUMIFS(Tabela10[Drop Worth],Tabela10[Drop],DropAnalityka[[#This Row],[Drop]],Tabela10[Grade],DropAnalityka[[#This Row],[Grade]])*DropAnalityka[[#This Row],[Quality/Quantity]],0) -> 2000 | K31: =IFERROR(SUMIFS(Tabela10[Fod Worth],Tabela10[Drop],DropAnalityka[[#This Row],[Drop]],Tabela10[Grade],DropAnalityka[[#This Row],[Grade]])*DropAnalityka[[#This Row],[Quality/Quantity]],0) -> 0 | L31: =IFERROR(SUMIFS(Tabela10[Exp Gain only 2*+],Tabela10[Drop],DropAnalityka[[#This Row],[Drop]],Tabela10[Grade],DropAnalityka[[#This Row],[Grade]])*DropAnalityka[[#This Row],[Quality/Quantity]],0) -> 800
A32: Tamor Desert | B32: Normal | C32: 3 | D32: 621 | E32: 1 | I32: 720 | J32: =DropAnalityka[[#This Row],[Sell Drop]]+IFERROR(SUMIFS(Tabela10[Drop Worth],Tabela10[Drop],DropAnalityka[[#This Row],[Drop]],Tabela10[Grade],DropAnalityka[[#This Row],[Grade]])*DropAnalityka[[#This Row],[Quality/Quantity]],0) -> 720 | K32: =IFERROR(SUMIFS(Tabela10[Fod Worth],Tabela10[Drop],DropAnalityka[[#This Row],[Drop]],Tabela10[Grade],DropAnalityka[[#This Row],[Grade]])*DropAnalityka[[#This Row],[Quality/Quantity]],0) -> 0 | L32: =IFERROR(SUMIFS(Tabela10[Exp Gain only 2*+],Tabela10[Drop],DropAnalityka[[#This Row],[Drop]],Tabela10[Grade],DropAnalityka[[#This Row],[Grade]])*DropAnalityka[[#This Row],[Quality/Quantity]],0) -> 0
A33: Tamor Desert | B33: Normal | C33: 3 | D33: 1165 | E33: 1 | I33: 325 | J33: =DropAnalityka[[#This Row],[Sell Drop]]+IFERROR(SUMIFS(Tabela10[Drop Worth],Tabela10[Drop],DropAnalityka[[#This Row],[Drop]],Tabela10[Grade],DropAnalityka[[#This Row],[Grade]])*DropAnalityka[[#This Row],[Quality/Quantity]],0) -> 325 | K33: =IFERROR(SUMIFS(Tabela10[Fod Worth],Tabela10[Drop],DropAnalityka[[#This Row],[Drop]],Tabela10[Grade],DropAnalityka[[#This Row],[Grade]])*DropAnalityka[[#This Row],[Quality/Quantity]],0) -> 0 | L33: =IFERROR(SUMIFS(Tabela10[Exp Gain only 2*+],Tabela10[Drop],DropAnalityka[[#This Row],[Drop]],Tabela10[Grade],DropAnalityka[[#This Row],[Grade]])*DropAnalityka[[#This Row],[Quality/Quantity]],0) -> 0
A34: Tamor Desert | B34: Normal | C34: 3 | D34: 1390 | E34: 1 | F34: Scroll | G34: 1 | H34: 1* | I34: 0 | J34: =DropAnalityka[[#This Row],[Sell Drop]]+IFERROR(SUMIFS(Tabela10[Drop Worth],Tabela10[Drop],DropAnalityka[[#This Row],[Drop]],Tabela10[Grade],DropAnalityka[[#This Row],[Grade]])*DropAnalityka[[#This Row],[Quality/Quantity]],0) -> 2000 | K34: =IFERROR(SUMIFS(Tabela10[Fod Worth],Tabela10[Drop],DropAnalityka[[#This Row],[Drop]],Tabela10[Grade],DropAnalityka[[#This Row],[Grade]])*DropAnalityka[[#This Row],[Quality/Quantity]],0) -> 0 | L34: =IFERROR(SUMIFS(Tabela10[Exp Gain only 2*+],Tabela10[Drop],DropAnalityka[[#This Row],[Drop]],Tabela10[Grade],DropAnalityka[[#This Row],[Grade]])*DropAnalityka[[#This Row],[Quality/Quantity]],0) -> 800
A35: Tamor Desert | B35: Normal | C35: 3 | D35: 999 | E35: 1 | F35: Scroll | G35: 1 | H35: 1* | I35: 0 | J35: =DropAnalityka[[#This Row],[Sell Drop]]+IFERROR(SUMIFS(Tabela10[Drop Worth],Tabela10[Drop],DropAnalityka[[#This Row],[Drop]],Tabela10[Grade],DropAnalityka[[#This Row],[Grade]])*DropAnalityka[[#This Row],[Quality/Quantity]],0) -> 2000 | K35: =IFERROR(SUMIFS(Tabela10[Fod Worth],Tabela10[Drop],DropAnalityka[[#This Row],[Drop]],Tabela10[Grade],DropAnalityka[[#This Row],[Grade]])*DropAnalityka[[#This Row],[Quality/Quantity]],0) -> 0 | L35: =IFERROR(SUMIFS(Tabela10[Exp Gain only 2*+],Tabela10[Drop],DropAnalityka[[#This Row],[Drop]],Tabela10[Grade],DropAnalityka[[#This Row],[Grade]])*DropAnalityka[[#This Row],[Quality/Quantity]],0) -> 800
A36: Tamor Desert | B36: Normal | C36: 3 | D36: 1117 | E36: 2 | I36: 325 | J36: =DropAnalityka[[#This Row],[Sell Drop]]+IFERROR(SUMIFS(Tabela10[Drop Worth],Tabela10[Drop],DropAnalityka[[#This Row],[Drop]],Tabela10[Grade],DropAnalityka[[#This Row],[Grade]])*DropAnalityka[[#This Row],[Quality/Quantity]],0) -> 325 | K36: =IFERROR(SUMIFS(Tabela10[Fod Worth],Tabela10[Drop],DropAnalityka[[#This Row],[Drop]],Tabela10[Grade],DropAnalityka[[#This Row],[Grade]])*DropAnalityka[[#This Row],[Quality/Quantity]],0) -> 0 | L36: =IFERROR(SUMIFS(Tabela10[Exp Gain only 2*+],Tabela10[Drop],DropAnalityka[[#This Row],[Drop]],Tabela10[Grade],DropAnalityka[[#This Row],[Grade]])*DropAnalityka[[#This Row],[Quality/Quantity]],0) -> 0
A37: Tamor Desert | B37: Normal | C37: 3 | D37: 794 | E37: 1 | I37: 325 | J37: =DropAnalityka[[#This Row],[Sell Drop]]+IFERROR(SUMIFS(Tabela10[Drop Worth],Tabela10[Drop],DropAnalityka[[#This Row],[Drop]],Tabela10[Grade],DropAnalityka[[#This Row],[Grade]])*DropAnalityka[[#This Row],[Quality/Quantity]],0) -> 325 | K37: =IFERROR(SUMIFS(Tabela10[Fod Worth],Tabela10[Drop],DropAnalityka[[#This Row],[Drop]],Tabela10[Grade],DropAnalityka[[#This Row],[Grade]])*DropAnalityka[[#This Row],[Quality/Quantity]],0) -> 0 | L37: =IFERROR(SUMIFS(Tabela10[Exp Gain only 2*+],Tabela10[Drop],DropAnalityka[[#This Row],[Drop]],Tabela10[Grade],DropAnalityka[[#This Row],[Grade]])*DropAnalityka[[#This Row],[Quality/Quantity]],0) -> 0
A38: Tamor Desert | B38: Normal | C38: 3 | D38: 1432 | E38: 1 | I38: 325 | J38: =DropAnalityka[[#This Row],[Sell Drop]]+IFERROR(SUMIFS(Tabela10[Drop Worth],Tabela10[Drop],DropAnalityka[[#This Row],[Drop]],Tabela10[Grade],DropAnalityka[[#This Row],[Grade]])*DropAnalityka[[#This Row],[Quality/Quantity]],0) -> 325 | K38: =IFERROR(SUMIFS(Tabela10[Fod Worth],Tabela10[Drop],DropAnalityka[[#This Row],[Drop]],Tabela10[Grade],DropAnalityka[[#This Row],[Grade]])*DropAnalityka[[#This Row],[Quality/Quantity]],0) -> 0 | L38: =IFERROR(SUMIFS(Tabela10[Exp Gain only 2*+],Tabela10[Drop],DropAnalityka[[#This Row],[Drop]],Tabela10[Grade],DropAnalityka[[#This Row],[Grade]])*DropAnalityka[[#This Row],[Quality/Quantity]],0) -> 0
A39: Tamor Desert | B39: Normal | C39: 3 | D39: 1485 | E39: 0 | I39: 433 | J39: =DropAnalityka[[#This Row],[Sell Drop]]+IFERROR(SUMIFS(Tabela10[Drop Worth],Tabela10[Drop],DropAnalityka[[#This Row],[Drop]],Tabela10[Grade],DropAnalityka[[#This Row],[Grade]])*DropAnalityka[[#This Row],[Quality/Quantity]],0) -> 433 | K39: =IFERROR(SUMIFS(Tabela10[Fod Worth],Tabela10[Drop],DropAnalityka[[#This Row],[Drop]],Tabela10[Grade],DropAnalityka[[#This Row],[Grade]])*DropAnalityka[[#This Row],[Quality/Quantity]],0) -> 0 | L39: =IFERROR(SUMIFS(Tabela10[Exp Gain only 2*+],Tabela10[Drop],DropAnalityka[[#This Row],[Drop]],Tabela10[Grade],DropAnalityka[[#This Row],[Grade]])*DropAnalityka[[#This Row],[Quality/Quantity]],0) -> 0
A40: Tamor Desert | B40: Normal | C40: 3 | D40: 1301 | E40: 1 | I40: 379 | J40: =DropAnalityka[[#This Row],[Sell Drop]]+IFERROR(SUMIFS(Tabela10[Drop Worth],Tabela10[Drop],DropAnalityka[[#This Row],[Drop]],Tabela10[Grade],DropAnalityka[[#This Row],[Grade]])*DropAnalityka[[#This Row],[Quality/Quantity]],0) -> 379 | K40: =IFERROR(SUMIFS(Tabela10[Fod Worth],Tabela10[Drop],DropAnalityka[[#This Row],[Drop]],Tabela10[Grade],DropAnalityka[[#This Row],[Grade]])*DropAnalityka[[#This Row],[Quality/Quantity]],0) -> 0 | L40: =IFERROR(SUMIFS(Tabela10[Exp Gain only 2*+],Tabela10[Drop],DropAnalityka[[#This Row],[Drop]],Tabela10[Grade],DropAnalityka[[#This Row],[Grade]])*DropAnalityka[[#This Row],[Quality/Quantity]],0) -> 0
A41: Tamor Desert | B41: Normal | C41: 3 | D41: 1501 | E41: 0 | I41: 720 | J41: =DropAnalityka[[#This Row],[Sell Drop]]+IFERROR(SUMIFS(Tabela10[Drop Worth],Tabela10[Drop],DropAnalityka[[#This Row],[Drop]],Tabela10[Grade],DropAnalityka[[#This Row],[Grade]])*DropAnalityka[[#This Row],[Quality/Quantity]],0) -> 720 | K41: =IFERROR(SUMIFS(Tabela10[Fod Worth],Tabela10[Drop],DropAnalityka[[#This Row],[Drop]],Tabela10[Grade],DropAnalityka[[#This Row],[Grade]])*DropAnalityka[[#This Row],[Quality/Quantity]],0) -> 0 | L41: =IFERROR(SUMIFS(Tabela10[Exp Gain only 2*+],Tabela10[Drop],DropAnalityka[[#This Row],[Drop]],Tabela10[Grade],DropAnalityka[[#This Row],[Grade]])*DropAnalityka[[#This Row],[Quality/Quantity]],0) -> 0
A42: Tamor Desert | B42: Hard | C42: 3 | D42: 1470 | E42: 0 | I42: 1080 | J42: =DropAnalityka[[#This Row],[Sell Drop]]+IFERROR(SUMIFS(Tabela10[Drop Worth],Tabela10[Drop],DropAnalityka[[#This Row],[Drop]],Tabela10[Grade],DropAnalityka[[#This Row],[Grade]])*DropAnalityka[[#This Row],[Quality/Quantity]],0) -> 1080 | K42: =IFERROR(SUMIFS(Tabela10[Fod Worth],Tabela10[Drop],DropAnalityka[[#This Row],[Drop]],Tabela10[Grade],DropAnalityka[[#This Row],[Grade]])*DropAnalityka[[#This Row],[Quality/Quantity]],0) -> 0 | L42: =IFERROR(SUMIFS(Tabela10[Exp Gain only 2*+],Tabela10[Drop],DropAnalityka[[#This Row],[Drop]],Tabela10[Grade],DropAnalityka[[#This Row],[Grade]])*DropAnalityka[[#This Row],[Quality/Quantity]],0) -> 0
A43: Tamor Desert | B43: Hard | C43: 3 | D43: 1058 | E43: 1 | F43: Scroll | G43: 2 | H43: 1* | I43: 0 | J43: =DropAnalityka[[#This Row],[Sell Drop]]+IFERROR(SUMIFS(Tabela10[Drop Worth],Tabela10[Drop],DropAnalityka[[#This Row],[Drop]],Tabela10[Grade],DropAnalityka[[#This Row],[Grade]])*DropAnalityka[[#This Row],[Quality/Quantity]],0) -> 4000 | K43: =IFERROR(SUMIFS(Tabela10[Fod Worth],Tabela10[Drop],DropAnalityka[[#This Row],[Drop]],Tabela10[Grade],DropAnalityka[[#This Row],[Grade]])*DropAnalityka[[#This Row],[Quality/Quantity]],0) -> 0 | L43: =IFERROR(SUMIFS(Tabela10[Exp Gain only 2*+],Tabela10[Drop],DropAnalityka[[#This Row],[Drop]],Tabela10[Grade],DropAnalityka[[#This Row],[Grade]])*DropAnalityka[[#This Row],[Quality/Quantity]],0) -> 1600
A44: Faimon | B44: Normal | C44: 1 | D44: 1552 | E44: 2 | I44: 2128 | J44: =DropAnalityka[[#This Row],[Sell Drop]]+IFERROR(SUMIFS(Tabela10[Drop Worth],Tabela10[Drop],DropAnalityka[[#This Row],[Drop]],Tabela10[Grade],DropAnalityka[[#This Row],[Grade]])*DropAnalityka[[#This Row],[Quality/Quantity]],0) -> 2128 | K44: =IFERROR(SUMIFS(Tabela10[Fod Worth],Tabela10[Drop],DropAnalityka[[#This Row],[Drop]],Tabela10[Grade],DropAnalityka[[#This Row],[Grade]])*DropAnalityka[[#This Row],[Quality/Quantity]],0) -> 0 | L44: =IFERROR(SUMIFS(Tabela10[Exp Gain only 2*+],Tabela10[Drop],DropAnalityka[[#This Row],[Drop]],Tabela10[Grade],DropAnalityka[[#This Row],[Grade]])*DropAnalityka[[#This Row],[Quality/Quantity]],0) -> 0
A45: Faimon | B45: Normal | C45: 1 | D45: 1468 | E45: 1 | F45: Scroll | G45: 1 | H45: 1* | I45: 0 | J45: =DropAnalityka[[#This Row],[Sell Drop]]+IFERROR(SUMIFS(Tabela10[Drop Worth],Tabela10[Drop],DropAnalityka[[#This Row],[Drop]],Tabela10[Grade],DropAnalityka[[#This Row],[Grade]])*DropAnalityka[[#This Row],[Quality/Quantity]],0) -> 2000 | K45: =IFERROR(SUMIFS(Tabela10[Fod Worth],Tabela10[Drop],DropAnalityka[[#This Row],[Drop]],Tabela10[Grade],DropAnalityka[[#This Row],[Grade]])*DropAnalityka[[#This Row],[Quality/Quantity]],0) -> 0 | L45: =IFERROR(SUMIFS(Tabela10[Exp Gain only 2*+],Tabela10[Drop],DropAnalityka[[#This Row],[Drop]],Tabela10[Grade],DropAnalityka[[#This Row],[Grade]])*DropAnalityka[[#This Row],[Quality/Quantity]],0) -> 800
A46: Faimon | B46: Normal | C46: 1 | D46: 1481 | E46: 1 | I46: 0 | J46: =DropAnalityka[[#This Row],[Sell Drop]]+IFERROR(SUMIFS(Tabela10[Drop Worth],Tabela10[Drop],DropAnalityka[[#This Row],[Drop]],Tabela10[Grade],DropAnalityka[[#This Row],[Grade]])*DropAnalityka[[#This Row],[Quality/Quantity]],0) -> 0 | K46: =IFERROR(SUMIFS(Tabela10[Fod Worth],Tabela10[Drop],DropAnalityka[[#This Row],[Drop]],Tabela10[Grade],DropAnalityka[[#This Row],[Grade]])*DropAnalityka[[#This Row],[Quality/Quantity]],0) -> 0 | L46: =IFERROR(SUMIFS(Tabela10[Exp Gain only 2*+],Tabela10[Drop],DropAnalityka[[#This Row],[Drop]],Tabela10[Grade],DropAnalityka[[#This Row],[Grade]])*DropAnalityka[[#This Row],[Quality/Quantity]],0) -> 0
A47: Faimon | B47: Normal | C47: 1 | D47: 1928 | E47: 1 | I47: 1824 | J47: =DropAnalityka[[#This Row],[Sell Drop]]+IFERROR(SUMIFS(Tabela10[Drop Worth],Tabela10[Drop],DropAnalityka[[#This Row],[Drop]],Tabela10[Grade],DropAnalityka[[#This Row],[Grade]])*DropAnalityka[[#This Row],[Quality/Quantity]],0) -> 1824 | K47: =IFERROR(SUMIFS(Tabela10[Fod Worth],Tabela10[Drop],DropAnalityka[[#This Row],[Drop]],Tabela10[Grade],DropAnalityka[[#This Row],[Grade]])*DropAnalityka[[#This Row],[Quality/Quantity]],0) -> 0 | L47: =IFERROR(SUMIFS(Tabela10[Exp Gain only 2*+],Tabela10[Drop],DropAnalityka[[#This Row],[Drop]],Tabela10[Grade],DropAnalityka[[#This Row],[Grade]])*DropAnalityka[[#This Row],[Quality/Quantity]],0) -> 0
A48: Faimon | B48: Normal | C48: 1 | D48: 1273 | E48: 1 | I48: 0 | J48: =DropAnalityka[[#This Row],[Sell Drop]]+IFERROR(SUMIFS(Tabela10[Drop Worth],Tabela10[Drop],DropAnalityka[[#This Row],[Drop]],Tabela10[Grade],DropAnalityka[[#This Row],[Grade]])*DropAnalityka[[#This Row],[Quality/Quantity]],0) -> 0 | K48: =IFERROR(SUMIFS(Tabela10[Fod Worth],Tabela10[Drop],DropAnalityka[[#This Row],[Drop]],Tabela10[Grade],DropAnalityka[[#This Row],[Grade]])*DropAnalityka[[#This Row],[Quality/Quantity]],0) -> 0 | L48: =IFERROR(SUMIFS(Tabela10[Exp Gain only 2*+],Tabela10[Drop],DropAnalityka[[#This Row],[Drop]],Tabela10[Grade],DropAnalityka[[#This Row],[Grade]])*DropAnalityka[[#This Row],[Quality/Quantity]],0) -> 0
A49: Faimon | B49: Normal | C49: 1 | D49: 698 | E49: 2 | I49: 892 | J49: =DropAnalityka[[#This Row],[Sell Drop]]+IFERROR(SUMIFS(Tabela10[Drop Worth],Tabela10[Drop],DropAnalityka[[#This Row],[Drop]],Tabela10[Grade],DropAnalityka[[#This Row],[Grade]])*DropAnalityka[[#This Row],[Quality/Quantity]],0) -> 892 | K49: =IFERROR(SUMIFS(Tabela10[Fod Worth],Tabela10[Drop],DropAnalityka[[#This Row],[Drop]],Tabela10[Grade],DropAnalityka[[#This Row],[Grade]])*DropAnalityka[[#This Row],[Quality/Quantity]],0) -> 0 | L49: =IFERROR(SUMIFS(Tabela10[Exp Gain only 2*+],Tabela10[Drop],DropAnalityka[[#This Row],[Drop]],Tabela10[Grade],DropAnalityka[[#This Row],[Grade]])*DropAnalityka[[#This Row],[Quality/Quantity]],0) -> 0
A50: Faimon | B50: Normal | C50: 1 | D50: 1500 | E50: 1 | I50: 2128 | J50: =DropAnalityka[[#This Row],[Sell Drop]]+IFERROR(SUMIFS(Tabela10[Drop Worth],Tabela10[Drop],DropAnalityka[[#This Row],[Drop]],Tabela10[Grade],DropAnalityka[[#This Row],[Grade]])*DropAnalityka[[#This Row],[Quality/Quantity]],0) -> 2128 | K50: =IFERROR(SUMIFS(Tabela10[Fod Worth],Tabela10[Drop],DropAnalityka[[#This Row],[Drop]],Tabela10[Grade],DropAnalityka[[#This Row],[Grade]])*DropAnalityka[[#This Row],[Quality/Quantity]],0) -> 0 | L50: =IFERROR(SUMIFS(Tabela10[Exp Gain only 2*+],Tabela10[Drop],DropAnalityka[[#This Row],[Drop]],Tabela10[Grade],DropAnalityka[[#This Row],[Grade]])*DropAnalityka[[#This Row],[Quality/Quantity]],0) -> 0
A51: Faimon | B51: Normal | C51: 1 | D51: 310 | E51: 1 | F51: Scroll | G51: 1 | H51: 1* | I51: 0 | J51: =DropAnalityka[[#This Row],[Sell Drop]]+IFERROR(SUMIFS(Tabela10[Drop Worth],Tabela10[Drop],DropAnalityka[[#This Row],[Drop]],Tabela10[Grade],DropAnalityka[[#This Row],[Grade]])*DropAnalityka[[#This Row],[Quality/Quantity]],0) -> 2000 | K51: =IFERROR(SUMIFS(Tabela10[Fod Worth],Tabela10[Drop],DropAnalityka[[#This Row],[Drop]],Tabela10[Grade],DropAnalityka[[#This Row],[Grade]])*DropAnalityka[[#This Row],[Quality/Quantity]],0) -> 0 | L51: =IFERROR(SUMIFS(Tabela10[Exp Gain only 2*+],Tabela10[Drop],DropAnalityka[[#This Row],[Drop]],Tabela10[Grade],DropAnalityka[[#This Row],[Grade]])*DropAnalityka[[#This Row],[Quality/Quantity]],0) -> 800
A52: Faimon | B52: Normal | C52: 1 | D52: 1386 | E52: 0 | I52: 823 | J52: =DropAnalityka[[#This Row],[Sell Drop]]+IFERROR(SUMIFS(Tabela10[Drop Worth],Tabela10[Drop],DropAnalityka[[#This Row],[Drop]],Tabela10[Grade],DropAnalityka[[#This Row],[Grade]])*DropAnalityka[[#This Row],[Quality/Quantity]],0) -> 823 | K52: =IFERROR(SUMIFS(Tabela10[Fod Worth],Tabela10[Drop],DropAnalityka[[#This Row],[Drop]],Tabela10[Grade],DropAnalityka[[#This Row],[Grade]])*DropAnalityka[[#This Row],[Quality/Quantity]],0) -> 0 | L52: =IFERROR(SUMIFS(Tabela10[Exp Gain only 2*+],Tabela10[Drop],DropAnalityka[[#This Row],[Drop]],Tabela10[Grade],DropAnalityka[[#This Row],[Grade]])*DropAnalityka[[#This Row],[Quality/Quantity]],0) -> 0
A53: Faimon | B53: Normal | C53: 1 | D53: 1353 | E53: 1 | I53: 1824 | J53: =DropAnalityka[[#This Row],[Sell Drop]]+IFERROR(SUMIFS(Tabela10[Drop Worth],Tabela10[Drop],DropAnalityka[[#This Row],[Drop]],Tabela10[Grade],DropAnalityka[[#This Row],[Grade]])*DropAnalityka[[#This Row],[Quality/Quantity]],0) -> 1824 | K53: =IFERROR(SUMIFS(Tabela10[Fod Worth],Tabela10[Drop],DropAnalityka[[#This Row],[Drop]],Tabela10[Grade],DropAnalityka[[#This Row],[Grade]])*DropAnalityka[[#This Row],[Quality/Quantity]],0) -> 0 | L53: =IFERROR(SUMIFS(Tabela10[Exp Gain only 2*+],Tabela10[Drop],DropAnalityka[[#This Row],[Drop]],Tabela10[Grade],DropAnalityka[[#This Row],[Grade]])*DropAnalityka[[#This Row],[Quality/Quantity]],0) -> 0
A54: Faimon | B54: Normal | C54: 1 | D54: 1480 | E54: 1 | F54: Scroll | G54: 1 | H54: 1* | I54: 0 | J54: =DropAnalityka[[#This Row],[Sell Drop]]+IFERROR(SUMIFS(Tabela10[Drop Worth],Tabela10[Drop],DropAnalityka[[#This Row],[Drop]],Tabela10[Grade],DropAnalityka[[#This Row],[Grade]])*DropAnalityka[[#This Row],[Quality/Quantity]],0) -> 2000 | K54: =IFERROR(SUMIFS(Tabela10[Fod Worth],Tabela10[Drop],DropAnalityka[[#This Row],[Drop]],Tabela10[Grade],DropAnalityka[[#This Row],[Grade]])*DropAnalityka[[#This Row],[Quality/Quantity]],0) -> 0 | L54: =IFERROR(SUMIFS(Tabela10[Exp Gain only 2*+],Tabela10[Drop],DropAnalityka[[#This Row],[Drop]],Tabela10[Grade],DropAnalityka[[#This Row],[Grade]])*DropAnalityka[[#This Row],[Quality/Quantity]],0) -> 800
A55: Faimon | B55: Normal | C55: 1 | D55: 1618 | E55: 1 | F55: Scroll | G55: 1 | H55: 1* | I55: 0 | J55: =DropAnalityka[[#This Row],[Sell Drop]]+IFERROR(SUMIFS(Tabela10[Drop Worth],Tabela10[Drop],DropAnalityka[[#This Row],[Drop]],Tabela10[Grade],DropAnalityka[[#This Row],[Grade]])*DropAnalityka[[#This Row],[Quality/Quantity]],0) -> 2000 | K55: =IFERROR(SUMIFS(Tabela10[Fod Worth],Tabela10[Drop],DropAnalityka[[#This Row],[Drop]],Tabela10[Grade],DropAnalityka[[#This Row],[Grade]])*DropAnalityka[[#This Row],[Quality/Quantity]],0) -> 0 | L55: =IFERROR(SUMIFS(Tabela10[Exp Gain only 2*+],Tabela10[Drop],DropAnalityka[[#This Row],[Drop]],Tabela10[Grade],DropAnalityka[[#This Row],[Grade]])*DropAnalityka[[#This Row],[Quality/Quantity]],0) -> 800
A56: Faimon | B56: Normal | C56: 1 | D56: 1145 | E56: 3 | I56: 1824 | J56: =DropAnalityka[[#This Row],[Sell Drop]]+IFERROR(SUMIFS(Tabela10[Drop Worth],Tabela10[Drop],DropAnalityka[[#This Row],[Drop]],Tabela10[Grade],DropAnalityka[[#This Row],[Grade]])*DropAnalityka[[#This Row],[Quality/Quantity]],0) -> 1824 | K56: =IFERROR(SUMIFS(Tabela10[Fod Worth],Tabela10[Drop],DropAnalityka[[#This Row],[Drop]],Tabela10[Grade],DropAnalityka[[#This Row],[Grade]])*DropAnalityka[[#This Row],[Quality/Quantity]],0) -> 0 | L56: =IFERROR(SUMIFS(Tabela10[Exp Gain only 2*+],Tabela10[Drop],DropAnalityka[[#This Row],[Drop]],Tabela10[Grade],DropAnalityka[[#This Row],[Grade]])*DropAnalityka[[#This Row],[Quality/Quantity]],0) -> 0
A57: Faimon | B57: Normal | C57: 1 | D57: 1164 | E57: 0 | I57: 823 | J57: =DropAnalityka[[#This Row],[Sell Drop]]+IFERROR(SUMIFS(Tabela10[Drop Worth],Tabela10[Drop],DropAnalityka[[#This Row],[Drop]],Tabela10[Grade],DropAnalityka[[#This Row],[Grade]])*DropAnalityka[[#This Row],[Quality/Quantity]],0) -> 823 | K57: =IFERROR(SUMIFS(Tabela10[Fod Worth],Tabela10[Drop],DropAnalityka[[#This Row],[Drop]],Tabela10[Grade],DropAnalityka[[#This Row],[Grade]])*DropAnalityka[[#This Row],[Quality/Quantity]],0) -> 0 | L57: =IFERROR(SUMIFS(Tabela10[Exp Gain only 2*+],Tabela10[Drop],DropAnalityka[[#This Row],[Drop]],Tabela10[Grade],DropAnalityka[[#This Row],[Grade]])*DropAnalityka[[#This Row],[Quality/Quantity]],0) -> 0
A58: Tamor Desert | B58: Hard | C58: 6 | D58: 1500 | E58: 1 | I58: 1152 | J58: =DropAnalityka[[#This Row],[Sell Drop]]+IFERROR(SUMIFS(Tabela10[Drop Worth],Tabela10[Drop],DropAnalityka[[#This Row],[Drop]],Tabela10[Grade],DropAnalityka[[#This Row],[Grade]])*DropAnalityka[[#This Row],[Quality/Quantity]],0) -> 1152 | K58: =IFERROR(SUMIFS(Tabela10[Fod Worth],Tabela10[Drop],DropAnalityka[[#This Row],[Drop]],Tabela10[Grade],DropAnalityka[[#This Row],[Grade]])*DropAnalityka[[#This Row],[Quality/Quantity]],0) -> 0 | L58: =IFERROR(SUMIFS(Tabela10[Exp Gain only 2*+],Tabela10[Drop],DropAnalityka[[#This Row],[Drop]],Tabela10[Grade],DropAnalityka[[#This Row],[Grade]])*DropAnalityka[[#This Row],[Quality/Quantity]],0) -> 0
A59: Faimon | B59: Normal | C59: 1 | D59: 1215 | E59: 1 | I59: 823 | J59: =DropAnalityka[[#This Row],[Sell Drop]]+IFERROR(SUMIFS(Tabela10[Drop Worth],Tabela10[Drop],DropAnalityka[[#This Row],[Drop]],Tabela10[Grade],DropAnalityka[[#This Row],[Grade]])*DropAnalityka[[#This Row],[Quality/Quantity]],0) -> 823 | K59: =IFERROR(SUMIFS(Tabela10[Fod Worth],Tabela10[Drop],DropAnalityka[[#This Row],[Drop]],Tabela10[Grade],DropAnalityka[[#This Row],[Grade]])*DropAnalityka[[#This Row],[Quality/Quantity]],0) -> 0 | L59: =IFERROR(SUMIFS(Tabela10[Exp Gain only 2*+],Tabela10[Drop],DropAnalityka[[#This Row],[Drop]],Tabela10[Grade],DropAnalityka[[#This Row],[Grade]])*DropAnalityka[[#This Row],[Quality/Quantity]],0) -> 0
A60: Faimon | B60: Normal | C60: 1 | D60: 1268 | E60: 2 | I60: 1824 | J60: =DropAnalityka[[#This Row],[Sell Drop]]+IFERROR(SUMIFS(Tabela10[Drop Worth],Tabela10[Drop],DropAnalityka[[#This Row],[Drop]],Tabela10[Grade],DropAnalityka[[#This Row],[Grade]])*DropAnalityka[[#This Row],[Quality/Quantity]],0) -> 1824 | K60: =IFERROR(SUMIFS(Tabela10[Fod Worth],Tabela10[Drop],DropAnalityka[[#This Row],[Drop]],Tabela10[Grade],DropAnalityka[[#This Row],[Grade]])*DropAnalityka[[#This Row],[Quality/Quantity]],0) -> 0 | L60: =IFERROR(SUMIFS(Tabela10[Exp Gain only 2*+],Tabela10[Drop],DropAnalityka[[#This Row],[Drop]],Tabela10[Grade],DropAnalityka[[#This Row],[Grade]])*DropAnalityka[[#This Row],[Quality/Quantity]],0) -> 0
A61: Faimon | B61: Normal | C61: 1 | D61: 1694 | E61: 0 | I61: 960 | J61: =DropAnalityka[[#This Row],[Sell Drop]]+IFERROR(SUMIFS(Tabela10[Drop Worth],Tabela10[Drop],DropAnalityka[[#This Row],[Drop]],Tabela10[Grade],DropAnalityka[[#This Row],[Grade]])*DropAnalityka[[#This Row],[Quality/Quantity]],0) -> 960 | K61: =IFERROR(SUMIFS(Tabela10[Fod Worth],Tabela10[Drop],DropAnalityka[[#This Row],[Drop]],Tabela10[Grade],DropAnalityka[[#This Row],[Grade]])*DropAnalityka[[#This Row],[Quality/Quantity]],0) -> 0 | L61: =IFERROR(SUMIFS(Tabela10[Exp Gain only 2*+],Tabela10[Drop],DropAnalityka[[#This Row],[Drop]],Tabela10[Grade],DropAnalityka[[#This Row],[Grade]])*DropAnalityka[[#This Row],[Quality/Quantity]],0) -> 0
A62: Faimon | B62: Normal | C62: 1 | D62: 1722 | E62: 1 | I62: 1824 | J62: =DropAnalityka[[#This Row],[Sell Drop]]+IFERROR(SUMIFS(Tabela10[Drop Worth],Tabela10[Drop],DropAnalityka[[#This Row],[Drop]],Tabela10[Grade],DropAnalityka[[#This Row],[Grade]])*DropAnalityka[[#This Row],[Quality/Quantity]],0) -> 1824 | K62: =IFERROR(SUMIFS(Tabela10[Fod Worth],Tabela10[Drop],DropAnalityka[[#This Row],[Drop]],Tabela10[Grade],DropAnalityka[[#This Row],[Grade]])*DropAnalityka[[#This Row],[Quality/Quantity]],0) -> 0 | L62: =IFERROR(SUMIFS(Tabela10[Exp Gain only 2*+],Tabela10[Drop],DropAnalityka[[#This Row],[Drop]],Tabela10[Grade],DropAnalityka[[#This Row],[Grade]])*DropAnalityka[[#This Row],[Quality/Quantity]],0) -> 0
A63: Faimon | B63: Normal | C63: 1 | D63: 852 | E63: 0 | I63: 823 | J63: =DropAnalityka[[#This Row],[Sell Drop]]+IFERROR(SUMIFS(Tabela10[Drop Worth],Tabela10[Drop],DropAnalityka[[#This Row],[Drop]],Tabela10[Grade],DropAnalityka[[#This Row],[Grade]])*DropAnalityka[[#This Row],[Quality/Quantity]],0) -> 823 | K63: =IFERROR(SUMIFS(Tabela10[Fod Worth],Tabela10[Drop],DropAnalityka[[#This Row],[Drop]],Tabela10[Grade],DropAnalityka[[#This Row],[Grade]])*DropAnalityka[[#This Row],[Quality/Quantity]],0) -> 0 | L63: =IFERROR(SUMIFS(Tabela10[Exp Gain only 2*+],Tabela10[Drop],DropAnalityka[[#This Row],[Drop]],Tabela10[Grade],DropAnalityka[[#This Row],[Grade]])*DropAnalityka[[#This Row],[Quality/Quantity]],0) -> 0
A64: Faimon | B64: Normal | C64: 1 | D64: 1720 | E64: 1 | I64: 892 | J64: =DropAnalityka[[#This Row],[Sell Drop]]+IFERROR(SUMIFS(Tabela10[Drop Worth],Tabela10[Drop],DropAnalityka[[#This Row],[Drop]],Tabela10[Grade],DropAnalityka[[#This Row],[Grade]])*DropAnalityka[[#This Row],[Quality/Quantity]],0) -> 892 | K64: =IFERROR(SUMIFS(Tabela10[Fod Worth],Tabela10[Drop],DropAnalityka[[#This Row],[Drop]],Tabela10[Grade],DropAnalityka[[#This Row],[Grade]])*DropAnalityka[[#This Row],[Quality/Quantity]],0) -> 0 | L64: =IFERROR(SUMIFS(Tabela10[Exp Gain only 2*+],Tabela10[Drop],DropAnalityka[[#This Row],[Drop]],Tabela10[Grade],DropAnalityka[[#This Row],[Grade]])*DropAnalityka[[#This Row],[Quality/Quantity]],0) -> 0
A65: Faimon | B65: Normal | C65: 1 | D65: 1162 | E65: 1 | I65: 823 | J65: =DropAnalityka[[#This Row],[Sell Drop]]+IFERROR(SUMIFS(Tabela10[Drop Worth],Tabela10[Drop],DropAnalityka[[#This Row],[Drop]],Tabela10[Grade],DropAnalityka[[#This Row],[Grade]])*DropAnalityka[[#This Row],[Quality/Quantity]],0) -> 823 | K65: =IFERROR(SUMIFS(Tabela10[Fod Worth],Tabela10[Drop],DropAnalityka[[#This Row],[Drop]],Tabela10[Grade],DropAnalityka[[#This Row],[Grade]])*DropAnalityka[[#This Row],[Quality/Quantity]],0) -> 0 | L65: =IFERROR(SUMIFS(Tabela10[Exp Gain only 2*+],Tabela10[Drop],DropAnalityka[[#This Row],[Drop]],Tabela10[Grade],DropAnalityka[[#This Row],[Grade]])*DropAnalityka[[#This Row],[Quality/Quantity]],0) -> 0
A66: Faimon | B66: Normal | C66: 1 | D66: 1888 | E66: 2 | F66: Scroll | G66: 1 | H66: 1* | I66: 0 | J66: =DropAnalityka[[#This Row],[Sell Drop]]+IFERROR(SUMIFS(Tabela10[Drop Worth],Tabela10[Drop],DropAnalityka[[#This Row],[Drop]],Tabela10[Grade],DropAnalityka[[#This Row],[Grade]])*DropAnalityka[[#This Row],[Quality/Quantity]],0) -> 2000 | K66: =IFERROR(SUMIFS(Tabela10[Fod Worth],Tabela10[Drop],DropAnalityka[[#This Row],[Drop]],Tabela10[Grade],DropAnalityka[[#This Row],[Grade]])*DropAnalityka[[#This Row],[Quality/Quantity]],0) -> 0 | L66: =IFERROR(SUMIFS(Tabela10[Exp Gain only 2*+],Tabela10[Drop],DropAnalityka[[#This Row],[Drop]],Tabela10[Grade],DropAnalityka[[#This Row],[Grade]])*DropAnalityka[[#This Row],[Quality/Quantity]],0) -> 800
A67: Faimon | B67: Normal | C67: 1 | D67: 703 | E67: 0 | I67: 960 | J67: =DropAnalityka[[#This Row],[Sell Drop]]+IFERROR(SUMIFS(Tabela10[Drop Worth],Tabela10[Drop],DropAnalityka[[#This Row],[Drop]],Tabela10[Grade],DropAnalityka[[#This Row],[Grade]])*DropAnalityka[[#This Row],[Quality/Quantity]],0) -> 960 | K67: =IFERROR(SUMIFS(Tabela10[Fod Worth],Tabela10[Drop],DropAnalityka[[#This Row],[Drop]],Tabela10[Grade],DropAnalityka[[#This Row],[Grade]])*DropAnalityka[[#This Row],[Quality/Quantity]],0) -> 0 | L67: =IFERROR(SUMIFS(Tabela10[Exp Gain only 2*+],Tabela10[Drop],DropAnalityka[[#This Row],[Drop]],Tabela10[Grade],DropAnalityka[[#This Row],[Grade]])*DropAnalityka[[#This Row],[Quality/Quantity]],0) -> 0
A68: Faimon | B68: Normal | C68: 1 | D68: 1958 | E68: 2 | F68: Scroll | G68: 1 | H68: 1* | I68: 0 | J68: =DropAnalityka[[#This Row],[Sell Drop]]+IFERROR(SUMIFS(Tabela10[Drop Worth],Tabela10[Drop],DropAnalityka[[#This Row],[Drop]],Tabela10[Grade],DropAnalityka[[#This Row],[Grade]])*DropAnalityka[[#This Row],[Quality/Quantity]],0) -> 2000 | K68: =IFERROR(SUMIFS(Tabela10[Fod Worth],Tabela10[Drop],DropAnalityka[[#This Row],[Drop]],Tabela10[Grade],DropAnalityka[[#This Row],[Grade]])*DropAnalityka[[#This Row],[Quality/Quantity]],0) -> 0 | L68: =IFERROR(SUMIFS(Tabela10[Exp Gain only 2*+],Tabela10[Drop],DropAnalityka[[#This Row],[Drop]],Tabela10[Grade],DropAnalityka[[#This Row],[Grade]])*DropAnalityka[[#This Row],[Quality/Quantity]],0) -> 800
A69: Faimon | B69: Normal | C69: 1 | D69: 1380 | E69: 1 | I69: 823 | J69: =DropAnalityka[[#This Row],[Sell Drop]]+IFERROR(SUMIFS(Tabela10[Drop Worth],Tabela10[Drop],DropAnalityka[[#This Row],[Drop]],Tabela10[Grade],DropAnalityka[[#This Row],[Grade]])*DropAnalityka[[#This Row],[Quality/Quantity]],0) -> 823 | K69: =IFERROR(SUMIFS(Tabela10[Fod Worth],Tabela10[Drop],DropAnalityka[[#This Row],[Drop]],Tabela10[Grade],DropAnalityka[[#This Row],[Grade]])*DropAnalityka[[#This Row],[Quality/Quantity]],0) -> 0 | L69: =IFERROR(SUMIFS(Tabela10[Exp Gain only 2*+],Tabela10[Drop],DropAnalityka[[#This Row],[Drop]],Tabela10[Grade],DropAnalityka[[#This Row],[Grade]])*DropAnalityka[[#This Row],[Quality/Quantity]],0) -> 0
A70: Tamor Desert | B70: Hard | C70: 3 | D70: 1241 | E70: 0 | I70: 720 | J70: =DropAnalityka[[#This Row],[Sell Drop]]+IFERROR(SUMIFS(Tabela10[Drop Worth],Tabela10[Drop],DropAnalityka[[#This Row],[Drop]],Tabela10[Grade],DropAnalityka[[#This Row],[Grade]])*DropAnalityka[[#This Row],[Quality/Quantity]],0) -> 720 | K70: =IFERROR(SUMIFS(Tabela10[Fod Worth],Tabela10[Drop],DropAnalityka[[#This Row],[Drop]],Tabela10[Grade],DropAnalityka[[#This Row],[Grade]])*DropAnalityka[[#This Row],[Quality/Quantity]],0) -> 0 | L70: =IFERROR(SUMIFS(Tabela10[Exp Gain only 2*+],Tabela10[Drop],DropAnalityka[[#This Row],[Drop]],Tabela10[Grade],DropAnalityka[[#This Row],[Grade]])*DropAnalityka[[#This Row],[Quality/Quantity]],0) -> 0
A71: Tamor Desert | B71: Hard | C71: 3 | D71: 2522 | E71: 2 | F71: Fod | G71: 1 | H71: 2* | I71: 0 | J71: =DropAnalityka[[#This Row],[Sell Drop]]+IFERROR(SUMIFS(Tabela10[Drop Worth],Tabela10[Drop],DropAnalityka[[#This Row],[Drop]],Tabela10[Grade],DropAnalityka[[#This Row],[Grade]])*DropAnalityka[[#This Row],[Quality/Quantity]],0) -> 0 | K71: =IFERROR(SUMIFS(Tabela10[Fod Worth],Tabela10[Drop],DropAnalityka[[#This Row],[Drop]],Tabela10[Grade],DropAnalityka[[#This Row],[Grade]])*DropAnalityka[[#This Row],[Quality/Quantity]],0) -> 11500 | L71: =IFERROR(SUMIFS(Tabela10[Exp Gain only 2*+],Tabela10[Drop],DropAnalityka[[#This Row],[Drop]],Tabela10[Grade],DropAnalityka[[#This Row],[Grade]])*DropAnalityka[[#This Row],[Quality/Quantity]],0) -> 0
A72: Tamor Desert | B72: Hard | C72: 3 | D72: 1714 | E72: 0 | I72: 720 | J72: =DropAnalityka[[#This Row],[Sell Drop]]+IFERROR(SUMIFS(Tabela10[Drop Worth],Tabela10[Drop],DropAnalityka[[#This Row],[Drop]],Tabela10[Grade],DropAnalityka[[#This Row],[Grade]])*DropAnalityka[[#This Row],[Quality/Quantity]],0) -> 720 | K72: =IFERROR(SUMIFS(Tabela10[Fod Worth],Tabela10[Drop],DropAnalityka[[#This Row],[Drop]],Tabela10[Grade],DropAnalityka[[#This Row],[Grade]])*DropAnalityka[[#This Row],[Quality/Quantity]],0) -> 0 | L72: =IFERROR(SUMIFS(Tabela10[Exp Gain only 2*+],Tabela10[Drop],DropAnalityka[[#This Row],[Drop]],Tabela10[Grade],DropAnalityka[[#This Row],[Grade]])*DropAnalityka[[#This Row],[Quality/Quantity]],0) -> 0
A73: Tamor Desert | B73: Hard | C73: 3 | D73: 1068 | E73: 0 | I73: 720 | J73: =DropAnalityka[[#This Row],[Sell Drop]]+IFERROR(SUMIFS(Tabela10[Drop Worth],Tabela10[Drop],DropAnalityka[[#This Row],[Drop]],Tabela10[Grade],DropAnalityka[[#This Row],[Grade]])*DropAnalityka[[#This Row],[Quality/Quantity]],0) -> 720 | K73: =IFERROR(SUMIFS(Tabela10[Fod Worth],Tabela10[Drop],DropAnalityka[[#This Row],[Drop]],Tabela10[Grade],DropAnalityka[[#This Row],[Grade]])*DropAnalityka[[#This Row],[Quality/Quantity]],0) -> 0 | L73: =IFERROR(SUMIFS(Tabela10[Exp Gain only 2*+],Tabela10[Drop],DropAnalityka[[#This Row],[Drop]],Tabela10[Grade],DropAnalityka[[#This Row],[Grade]])*DropAnalityka[[#This Row],[Quality/Quantity]],0) -> 0
A74: Tamor Desert | B74: Hard | C74: 3 | D74: 1616 | E74: 0 | I74: 720 | J74: =DropAnalityka[[#This Row],[Sell Drop]]+IFERROR(SUMIFS(Tabela10[Drop Worth],Tabela10[Drop],DropAnalityka[[#This Row],[Drop]],Tabela10[Grade],DropAnalityka[[#This Row],[Grade]])*DropAnalityka[[#This Row],[Quality/Quantity]],0) -> 720 | K74: =IFERROR(SUMIFS(Tabela10[Fod Worth],Tabela10[Drop],DropAnalityka[[#This Row],[Drop]],Tabela10[Grade],DropAnalityka[[#This Row],[Grade]])*DropAnalityka[[#This Row],[Quality/Quantity]],0) -> 0 | L74: =IFERROR(SUMIFS(Tabela10[Exp Gain only 2*+],Tabela10[Drop],DropAnalityka[[#This Row],[Drop]],Tabela10[Grade],DropAnalityka[[#This Row],[Grade]])*DropAnalityka[[#This Row],[Quality/Quantity]],0) -> 0
A75: Tamor Desert | B75: Hard | C75: 3 | D75: 1019 | E75: 2 | F75: Fod | G75: 1 | H75: 2* | I75: 0 | J75: =DropAnalityka[[#This Row],[Sell Drop]]+IFERROR(SUMIFS(Tabela10[Drop Worth],Tabela10[Drop],DropAnalityka[[#This Row],[Drop]],Tabela10[Grade],DropAnalityka[[#This Row],[Grade]])*DropAnalityka[[#This Row],[Quality/Quantity]],0) -> 0 | K75: =IFERROR(SUMIFS(Tabela10[Fod Worth],Tabela10[Drop],DropAnalityka[[#This Row],[Drop]],Tabela10[Grade],DropAnalityka[[#This Row],[Grade]])*DropAnalityka[[#This Row],[Quality/Quantity]],0) -> 11500 | L75: =IFERROR(SUMIFS(Tabela10[Exp Gain only 2*+],Tabela10[Drop],DropAnalityka[[#This Row],[Drop]],Tabela10[Grade],DropAnalityka[[#This Row],[Grade]])*DropAnalityka[[#This Row],[Quality/Quantity]],0) -> 0
A76: Tamor Desert | B76: Hard | C76: 3 | D76: 1705 | E76: 1 | I76: 1159 | J76: =DropAnalityka[[#This Row],[Sell Drop]]+IFERROR(SUMIFS(Tabela10[Drop Worth],Tabela10[Drop],DropAnalityka[[#This Row],[Drop]],Tabela10[Grade],DropAnalityka[[#This Row],[Grade]])*DropAnalityka[[#This Row],[Quality/Quantity]],0) -> 1159 | K76: =IFERROR(SUMIFS(Tabela10[Fod Worth],Tabela10[Drop],DropAnalityka[[#This Row],[Drop]],Tabela10[Grade],DropAnalityka[[#This Row],[Grade]])*DropAnalityka[[#This Row],[Quality/Quantity]],0) -> 0 | L76: =IFERROR(SUMIFS(Tabela10[Exp Gain only 2*+],Tabela10[Drop],DropAnalityka[[#This Row],[Drop]],Tabela10[Grade],DropAnalityka[[#This Row],[Grade]])*DropAnalityka[[#This Row],[Quality/Quantity]],0) -> 0
A77: Tamor Desert | B77: Hard | C77: 3 | D77: 1196 | E77: 1 | F77: Scroll | G77: 2 | H77: 1* | I77: 0 | J77: =DropAnalityka[[#This Row],[Sell Drop]]+IFERROR(SUMIFS(Tabela10[Drop Worth],Tabela10[Drop],DropAnalityka[[#This Row],[Drop]],Tabela10[Grade],DropAnalityka[[#This Row],[Grade]])*DropAnalityka[[#This Row],[Quality/Quantity]],0) -> 4000 | K77: =IFERROR(SUMIFS(Tabela10[Fod Worth],Tabela10[Drop],DropAnalityka[[#This Row],[Drop]],Tabela10[Grade],DropAnalityka[[#This Row],[Grade]])*DropAnalityka[[#This Row],[Quality/Quantity]],0) -> 0 | L77: =IFERROR(SUMIFS(Tabela10[Exp Gain only 2*+],Tabela10[Drop],DropAnalityka[[#This Row],[Drop]],Tabela10[Grade],DropAnalityka[[#This Row],[Grade]])*DropAnalityka[[#This Row],[Quality/Quantity]],0) -> 1600
A78: Tamor Desert | B78: Hard | C78: 3 | D78: 780 | E78: 1 | I78: 720 | J78: =DropAnalityka[[#This Row],[Sell Drop]]+IFERROR(SUMIFS(Tabela10[Drop Worth],Tabela10[Drop],DropAnalityka[[#This Row],[Drop]],Tabela10[Grade],DropAnalityka[[#This Row],[Grade]])*DropAnalityka[[#This Row],[Quality/Quantity]],0) -> 720 | K78: =IFERROR(SUMIFS(Tabela10[Fod Worth],Tabela10[Drop],DropAnalityka[[#This Row],[Drop]],Tabela10[Grade],DropAnalityka[[#This Row],[Grade]])*DropAnalityka[[#This Row],[Quality/Quantity]],0) -> 0 | L78: =IFERROR(SUMIFS(Tabela10[Exp Gain only 2*+],Tabela10[Drop],DropAnalityka[[#This Row],[Drop]],Tabela10[Grade],DropAnalityka[[#This Row],[Grade]])*DropAnalityka[[#This Row],[Quality/Quantity]],0) -> 0
A79: Tamor Desert | B79: Hard | C79: 3 | D79: 1258 | E79: 0 | I79: 720 | J79: =DropAnalityka[[#This Row],[Sell Drop]]+IFERROR(SUMIFS(Tabela10[Drop Worth],Tabela10[Drop],DropAnalityka[[#This Row],[Drop]],Tabela10[Grade],DropAnalityka[[#This Row],[Grade]])*DropAnalityka[[#This Row],[Quality/Quantity]],0) -> 720 | K79: =IFERROR(SUMIFS(Tabela10[Fod Worth],Tabela10[Drop],DropAnalityka[[#This Row],[Drop]],Tabela10[Grade],DropAnalityka[[#This Row],[Grade]])*DropAnalityka[[#This Row],[Quality/Quantity]],0) -> 0 | L79: =IFERROR(SUMIFS(Tabela10[Exp Gain only 2*+],Tabela10[Drop],DropAnalityka[[#This Row],[Drop]],Tabela10[Grade],DropAnalityka[[#This Row],[Grade]])*DropAnalityka[[#This Row],[Quality/Quantity]],0) -> 0
A80: Tamor Desert | B80: Normal | C80: 3 | D80: 2183 | E80: 1 | F80: Scroll | G80: 1 | H80: 1* | I80: 0 | J80: =DropAnalityka[[#This Row],[Sell Drop]]+IFERROR(SUMIFS(Tabela10[Drop Worth],Tabela10[Drop],DropAnalityka[[#This Row],[Drop]],Tabela10[Grade],DropAnalityka[[#This Row],[Grade]])*DropAnalityka[[#This Row],[Quality/Quantity]],0) -> 2000 | K80: =IFERROR(SUMIFS(Tabela10[Fod Worth],Tabela10[Drop],DropAnalityka[[#This Row],[Drop]],Tabela10[Grade],DropAnalityka[[#This Row],[Grade]])*DropAnalityka[[#This Row],[Quality/Quantity]],0) -> 0 | L80: =IFERROR(SUMIFS(Tabela10[Exp Gain only 2*+],Tabela10[Drop],DropAnalityka[[#This Row],[Drop]],Tabela10[Grade],DropAnalityka[[#This Row],[Grade]])*DropAnalityka[[#This Row],[Quality/Quantity]],0) -> 800
A81: Tamor Desert | B81: Normal | C81: 3 | D81: 985 | E81: 0 | I81: 720 | J81: =DropAnalityka[[#This Row],[Sell Drop]]+IFERROR(SUMIFS(Tabela10[Drop Worth],Tabela10[Drop],DropAnalityka[[#This Row],[Drop]],Tabela10[Grade],DropAnalityka[[#This Row],[Grade]])*DropAnalityka[[#This Row],[Quality/Quantity]],0) -> 720 | K81: =IFERROR(SUMIFS(Tabela10[Fod Worth],Tabela10[Drop],DropAnalityka[[#This Row],[Drop]],Tabela10[Grade],DropAnalityka[[#This Row],[Grade]])*DropAnalityka[[#This Row],[Quality/Quantity]],0) -> 0 | L81: =IFERROR(SUMIFS(Tabela10[Exp Gain only 2*+],Tabela10[Drop],DropAnalityka[[#This Row],[Drop]],Tabela10[Grade],DropAnalityka[[#This Row],[Grade]])*DropAnalityka[[#This Row],[Quality/Quantity]],0) -> 0
A82: Tamor Desert | B82: Hard | C82: 3 | D82: 1518 | E82: 0 | I82: 960 | J82: =DropAnalityka[[#This Row],[Sell Drop]]+IFERROR(SUMIFS(Tabela10[Drop Worth],Tabela10[Drop],DropAnalityka[[#This Row],[Drop]],Tabela10[Grade],DropAnalityka[[#This Row],[Grade]])*DropAnalityka[[#This Row],[Quality/Quantity]],0) -> 960 | K82: =IFERROR(SUMIFS(Tabela10[Fod Worth],Tabela10[Drop],DropAnalityka[[#This Row],[Drop]],Tabela10[Grade],DropAnalityka[[#This Row],[Grade]])*DropAnalityka[[#This Row],[Quality/Quantity]],0) -> 0 | L82: =IFERROR(SUMIFS(Tabela10[Exp Gain only 2*+],Tabela10[Drop],DropAnalityka[[#This Row],[Drop]],Tabela10[Grade],DropAnalityka[[#This Row],[Grade]])*DropAnalityka[[#This Row],[Quality/Quantity]],0) -> 0
A83: Tamor Desert | B83: Hard | C83: 3 | D83: 1785 | E83: 3 | I83: 1159 | J83: =DropAnalityka[[#This Row],[Sell Drop]]+IFERROR(SUMIFS(Tabela10[Drop Worth],Tabela10[Drop],DropAnalityka[[#This Row],[Drop]],Tabela10[Grade],DropAnalityka[[#This Row],[Grade]])*DropAnalityka[[#This Row],[Quality/Quantity]],0) -> 1159 | K83: =IFERROR(SUMIFS(Tabela10[Fod Worth],Tabela10[Drop],DropAnalityka[[#This Row],[Drop]],Tabela10[Grade],DropAnalityka[[#This Row],[Grade]])*DropAnalityka[[#This Row],[Quality/Quantity]],0) -> 0 | L83: =IFERROR(SUMIFS(Tabela10[Exp Gain only 2*+],Tabela10[Drop],DropAnalityka[[#This Row],[Drop]],Tabela10[Grade],DropAnalityka[[#This Row],[Grade]])*DropAnalityka[[#This Row],[Quality/Quantity]],0) -> 0
A84: Tamor Desert | B84: Hard | C84: 3 | D84: 1866 | E84: 3 | F84: Scroll | G84: 2 | H84: 1* | I84: 0 | J84: =DropAnalityka[[#This Row],[Sell Drop]]+IFERROR(SUMIFS(Tabela10[Drop Worth],Tabela10[Drop],DropAnalityka[[#This Row],[Drop]],Tabela10[Grade],DropAnalityka[[#This Row],[Grade]])*DropAnalityka[[#This Row],[Quality/Quantity]],0) -> 4000 | K84: =IFERROR(SUMIFS(Tabela10[Fod Worth],Tabela10[Drop],DropAnalityka[[#This Row],[Drop]],Tabela10[Grade],DropAnalityka[[#This Row],[Grade]])*DropAnalityka[[#This Row],[Quality/Quantity]],0) -> 0 | L84: =IFERROR(SUMIFS(Tabela10[Exp Gain only 2*+],Tabela10[Drop],DropAnalityka[[#This Row],[Drop]],Tabela10[Grade],DropAnalityka[[#This Row],[Grade]])*DropAnalityka[[#This Row],[Quality/Quantity]],0) -> 1600
A85: Tamor Desert | B85: Hard | C85: 3 | D85: 1249 | E85: 1 | I85: 1546 | J85: =DropAnalityka[[#This Row],[Sell Drop]]+IFERROR(SUMIFS(Tabela10[Drop Worth],Tabela10[Drop],DropAnalityka[[#This Row],[Drop]],Tabela10[Grade],DropAnalityka[[#This Row],[Grade]])*DropAnalityka[[#This Row],[Quality/Quantity]],0) -> 1546 | K85: =IFERROR(SUMIFS(Tabela10[Fod Worth],Tabela10[Drop],DropAnalityka[[#This Row],[Drop]],Tabela10[Grade],DropAnalityka[[#This Row],[Grade]])*DropAnalityka[[#This Row],[Quality/Quantity]],0) -> 0 | L85: =IFERROR(SUMIFS(Tabela10[Exp Gain only 2*+],Tabela10[Drop],DropAnalityka[[#This Row],[Drop]],Tabela10[Grade],DropAnalityka[[#This Row],[Grade]])*DropAnalityka[[#This Row],[Quality/Quantity]],0) -> 0
A86: Tamor Desert | B86: Hard | C86: 3 | D86: 904 | E86: 0 | I86: 1159 | J86: =DropAnalityka[[#This Row],[Sell Drop]]+IFERROR(SUMIFS(Tabela10[Drop Worth],Tabela10[Drop],DropAnalityka[[#This Row],[Drop]],Tabela10[Grade],DropAnalityka[[#This Row],[Grade]])*DropAnalityka[[#This Row],[Quality/Quantity]],0) -> 1159 | K86: =IFERROR(SUMIFS(Tabela10[Fod Worth],Tabela10[Drop],DropAnalityka[[#This Row],[Drop]],Tabela10[Grade],DropAnalityka[[#This Row],[Grade]])*DropAnalityka[[#This Row],[Quality/Quantity]],0) -> 0 | L86: =IFERROR(SUMIFS(Tabela10[Exp Gain only 2*+],Tabela10[Drop],DropAnalityka[[#This Row],[Drop]],Tabela10[Grade],DropAnalityka[[#This Row],[Grade]])*DropAnalityka[[#This Row],[Quality/Quantity]],0) -> 0
A87: Tamor Desert | B87: Hard | C87: 3 | D87: 1447 | E87: 0 | F87: Scroll | G87: 2 | H87: 1* | I87: 0 | J87: =DropAnalityka[[#This Row],[Sell Drop]]+IFERROR(SUMIFS(Tabela10[Drop Worth],Tabela10[Drop],DropAnalityka[[#This Row],[Drop]],Tabela10[Grade],DropAnalityka[[#This Row],[Grade]])*DropAnalityka[[#This Row],[Quality/Quantity]],0) -> 4000 | K87: =IFERROR(SUMIFS(Tabela10[Fod Worth],Tabela10[Drop],DropAnalityka[[#This Row],[Drop]],Tabela10[Grade],DropAnalityka[[#This Row],[Grade]])*DropAnalityka[[#This Row],[Quality/Quantity]],0) -> 0 | L87: =IFERROR(SUMIFS(Tabela10[Exp Gain only 2*+],Tabela10[Drop],DropAnalityka[[#This Row],[Drop]],Tabela10[Grade],DropAnalityka[[#This Row],[Grade]])*DropAnalityka[[#This Row],[Quality/Quantity]],0) -> 1600
A88: Tamor Desert | B88: Hard | C88: 3 | D88: 1756 | E88: 2 | I88: 720 | J88: =DropAnalityka[[#This Row],[Sell Drop]]+IFERROR(SUMIFS(Tabela10[Drop Worth],Tabela10[Drop],DropAnalityka[[#This Row],[Drop]],Tabela10[Grade],DropAnalityka[[#This Row],[Grade]])*DropAnalityka[[#This Row],[Quality/Quantity]],0) -> 720 | K88: =IFERROR(SUMIFS(Tabela10[Fod Worth],Tabela10[Drop],DropAnalityka[[#This Row],[Drop]],Tabela10[Grade],DropAnalityka[[#This Row],[Grade]])*DropAnalityka[[#This Row],[Quality/Quantity]],0) -> 0 | L88: =IFERROR(SUMIFS(Tabela10[Exp Gain only 2*+],Tabela10[Drop],DropAnalityka[[#This Row],[Drop]],Tabela10[Grade],DropAnalityka[[#This Row],[Grade]])*DropAnalityka[[#This Row],[Quality/Quantity]],0) -> 0
A89: Tamor Desert | B89: Hard | C89: 3 | D89: 1070 | E89: 0 | I89: 840 | J89: =DropAnalityka[[#This Row],[Sell Drop]]+IFERROR(SUMIFS(Tabela10[Drop Worth],Tabela10[Drop],DropAnalityka[[#This Row],[Drop]],Tabela10[Grade],DropAnalityka[[#This Row],[Grade]])*DropAnalityka[[#This Row],[Quality/Quantity]],0) -> 840 | K89: =IFERROR(SUMIFS(Tabela10[Fod Worth],Tabela10[Drop],DropAnalityka[[#This Row],[Drop]],Tabela10[Grade],DropAnalityka[[#This Row],[Grade]])*DropAnalityka[[#This Row],[Quality/Quantity]],0) -> 0 | L89: =IFERROR(SUMIFS(Tabela10[Exp Gain only 2*+],Tabela10[Drop],DropAnalityka[[#This Row],[Drop]],Tabela10[Grade],DropAnalityka[[#This Row],[Grade]])*DropAnalityka[[#This Row],[Quality/Quantity]],0) -> 0
A90: Tamor Desert | B90: Hard | C90: 3 | D90: 1710 | E90: 0 | F90: Scroll | G90: 2 | H90: 1* | I90: 0 | J90: =DropAnalityka[[#This Row],[Sell Drop]]+IFERROR(SUMIFS(Tabela10[Drop Worth],Tabela10[Drop],DropAnalityka[[#This Row],[Drop]],Tabela10[Grade],DropAnalityka[[#This Row],[Grade]])*DropAnalityka[[#This Row],[Quality/Quantity]],0) -> 4000 | K90: =IFERROR(SUMIFS(Tabela10[Fod Worth],Tabela10[Drop],DropAnalityka[[#This Row],[Drop]],Tabela10[Grade],DropAnalityka[[#This Row],[Grade]])*DropAnalityka[[#This Row],[Quality/Quantity]],0) -> 0 | L90: =IFERROR(SUMIFS(Tabela10[Exp Gain only 2*+],Tabela10[Drop],DropAnalityka[[#This Row],[Drop]],Tabela10[Grade],DropAnalityka[[#This Row],[Grade]])*DropAnalityka[[#This Row],[Quality/Quantity]],0) -> 1600
A91: Tamor Desert | B91: Hard | C91: 3 | D91: 1226 | E91: 0 | I91: 1159 | J91: =DropAnalityka[[#This Row],[Sell Drop]]+IFERROR(SUMIFS(Tabela10[Drop Worth],Tabela10[Drop],DropAnalityka[[#This Row],[Drop]],Tabela10[Grade],DropAnalityka[[#This Row],[Grade]])*DropAnalityka[[#This Row],[Quality/Quantity]],0) -> 1159 | K91: =IFERROR(SUMIFS(Tabela10[Fod Worth],Tabela10[Drop],DropAnalityka[[#This Row],[Drop]],Tabela10[Grade],DropAnalityka[[#This Row],[Grade]])*DropAnalityka[[#This Row],[Quality/Quantity]],0) -> 0 | L91: =IFERROR(SUMIFS(Tabela10[Exp Gain only 2*+],Tabela10[Drop],DropAnalityka[[#This Row],[Drop]],Tabela10[Grade],DropAnalityka[[#This Row],[Grade]])*DropAnalityka[[#This Row],[Quality/Quantity]],0) -> 0
A92: Tamor Desert | B92: Hard | C92: 3 | D92: 1124 | E92: 0 | I92: 1159 | J92: =DropAnalityka[[#This Row],[Sell Drop]]+IFERROR(SUMIFS(Tabela10[Drop Worth],Tabela10[Drop],DropAnalityka[[#This Row],[Drop]],Tabela10[Grade],DropAnalityka[[#This Row],[Grade]])*DropAnalityka[[#This Row],[Quality/Quantity]],0) -> 1159 | K92: =IFERROR(SUMIFS(Tabela10[Fod Worth],Tabela10[Drop],DropAnalityka[[#This Row],[Drop]],Tabela10[Grade],DropAnalityka[[#This Row],[Grade]])*DropAnalityka[[#This Row],[Quality/Quantity]],0) -> 0 | L92: =IFERROR(SUMIFS(Tabela10[Exp Gain only 2*+],Tabela10[Drop],DropAnalityka[[#This Row],[Drop]],Tabela10[Grade],DropAnalityka[[#This Row],[Grade]])*DropAnalityka[[#This Row],[Quality/Quantity]],0) -> 0
A93: Tamor Desert | B93: Hard | C93: 3 | D93: 1725 | E93: 2 | F93: Scroll | G93: 2 | H93: 1* | I93: 0 | J93: =DropAnalityka[[#This Row],[Sell Drop]]+IFERROR(SUMIFS(Tabela10[Drop Worth],Tabela10[Drop],DropAnalityka[[#This Row],[Drop]],Tabela10[Grade],DropAnalityka[[#This Row],[Grade]])*DropAnalityka[[#This Row],[Quality/Quantity]],0) -> 4000 | K93: =IFERROR(SUMIFS(Tabela10[Fod Worth],Tabela10[Drop],DropAnalityka[[#This Row],[Drop]],Tabela10[Grade],DropAnalityka[[#This Row],[Grade]])*DropAnalityka[[#This Row],[Quality/Quantity]],0) -> 0 | L93: =IFERROR(SUMIFS(Tabela10[Exp Gain only 2*+],Tabela10[Drop],DropAnalityka[[#This Row],[Drop]],Tabela10[Grade],DropAnalityka[[#This Row],[Grade]])*DropAnalityka[[#This Row],[Quality/Quantity]],0) -> 1600
A94: Tamor Desert | B94: Hard | C94: 3 | D94: 1933 | E94: 1 | I94: 720 | J94: =DropAnalityka[[#This Row],[Sell Drop]]+IFERROR(SUMIFS(Tabela10[Drop Worth],Tabela10[Drop],DropAnalityka[[#This Row],[Drop]],Tabela10[Grade],DropAnalityka[[#This Row],[Grade]])*DropAnalityka[[#This Row],[Quality/Quantity]],0) -> 720 | K94: =IFERROR(SUMIFS(Tabela10[Fod Worth],Tabela10[Drop],DropAnalityka[[#This Row],[Drop]],Tabela10[Grade],DropAnalityka[[#This Row],[Grade]])*DropAnalityka[[#This Row],[Quality/Quantity]],0) -> 0 | L94: =IFERROR(SUMIFS(Tabela10[Exp Gain only 2*+],Tabela10[Drop],DropAnalityka[[#This Row],[Drop]],Tabela10[Grade],DropAnalityka[[#This Row],[Grade]])*DropAnalityka[[#This Row],[Quality/Quantity]],0) -> 0
A95: Tamor Desert | B95: Hard | C95: 3 | D95: 1398 | E95: 2 | F95: Scroll | G95: 2 | H95: 1* | I95: 0 | J95: =DropAnalityka[[#This Row],[Sell Drop]]+IFERROR(SUMIFS(Tabela10[Drop Worth],Tabela10[Drop],DropAnalityka[[#This Row],[Drop]],Tabela10[Grade],DropAnalityka[[#This Row],[Grade]])*DropAnalityka[[#This Row],[Quality/Quantity]],0) -> 4000 | K95: =IFERROR(SUMIFS(Tabela10[Fod Worth],Tabela10[Drop],DropAnalityka[[#This Row],[Drop]],Tabela10[Grade],DropAnalityka[[#This Row],[Grade]])*DropAnalityka[[#This Row],[Quality/Quantity]],0) -> 0 | L95: =IFERROR(SUMIFS(Tabela10[Exp Gain only 2*+],Tabela10[Drop],DropAnalityka[[#This Row],[Drop]],Tabela10[Grade],DropAnalityka[[#This Row],[Grade]])*DropAnalityka[[#This Row],[Quality/Quantity]],0) -> 1600
A96: Tamor Desert | B96: Hard | C96: 3 | D96: 1984 | E96: 1 | I96: 720 | J96: =DropAnalityka[[#This Row],[Sell Drop]]+IFERROR(SUMIFS(Tabela10[Drop Worth],Tabela10[Drop],DropAnalityka[[#This Row],[Drop]],Tabela10[Grade],DropAnalityka[[#This Row],[Grade]])*DropAnalityka[[#This Row],[Quality/Quantity]],0) -> 720 | K96: =IFERROR(SUMIFS(Tabela10[Fod Worth],Tabela10[Drop],DropAnalityka[[#This Row],[Drop]],Tabela10[Grade],DropAnalityka[[#This Row],[Grade]])*DropAnalityka[[#This Row],[Quality/Quantity]],0) -> 0 | L96: =IFERROR(SUMIFS(Tabela10[Exp Gain only 2*+],Tabela10[Drop],DropAnalityka[[#This Row],[Drop]],Tabela10[Grade],DropAnalityka[[#This Row],[Grade]])*DropAnalityka[[#This Row],[Quality/Quantity]],0) -> 0
A97: Tamor Desert | B97: Hard | C97: 3 | D97: 1093 | E97: 0 | I97: 720 | J97: =DropAnalityka[[#This Row],[Sell Drop]]+IFERROR(SUMIFS(Tabela10[Drop Worth],Tabela10[Drop],DropAnalityka[[#This Row],[Drop]],Tabela10[Grade],DropAnalityka[[#This Row],[Grade]])*DropAnalityka[[#This Row],[Quality/Quantity]],0) -> 720 | K97: =IFERROR(SUMIFS(Tabela10[Fod Worth],Tabela10[Drop],DropAnalityka[[#This Row],[Drop]],Tabela10[Grade],DropAnalityka[[#This Row],[Grade]])*DropAnalityka[[#This Row],[Quality/Quantity]],0) -> 0 | L97: =IFERROR(SUMIFS(Tabela10[Exp Gain only 2*+],Tabela10[Drop],DropAnalityka[[#This Row],[Drop]],Tabela10[Grade],DropAnalityka[[#This Row],[Grade]])*DropAnalityka[[#This Row],[Quality/Quantity]],0) -> 0
A98: Tamor Desert | B98: Hard | C98: 3 | D98: 1133 | E98: 2 | I98: 1159 | J98: =DropAnalityka[[#This Row],[Sell Drop]]+IFERROR(SUMIFS(Tabela10[Drop Worth],Tabela10[Drop],DropAnalityka[[#This Row],[Drop]],Tabela10[Grade],DropAnalityka[[#This Row],[Grade]])*DropAnalityka[[#This Row],[Quality/Quantity]],0) -> 1159 | K98: =IFERROR(SUMIFS(Tabela10[Fod Worth],Tabela10[Drop],DropAnalityka[[#This Row],[Drop]],Tabela10[Grade],DropAnalityka[[#This Row],[Grade]])*DropAnalityka[[#This Row],[Quality/Quantity]],0) -> 0 | L98: =IFERROR(SUMIFS(Tabela10[Exp Gain only 2*+],Tabela10[Drop],DropAnalityka[[#This Row],[Drop]],Tabela10[Grade],DropAnalityka[[#This Row],[Grade]])*DropAnalityka[[#This Row],[Quality/Quantity]],0) -> 0
A99: Tamor Desert | B99: Hard | C99: 3 | D99: 1193 | E99: 2 | I99: 1546 | J99: =DropAnalityka[[#This Row],[Sell Drop]]+IFERROR(SUMIFS(Tabela10[Drop Worth],Tabela10[Drop],DropAnalityka[[#This Row],[Drop]],Tabela10[Grade],DropAnalityka[[#This Row],[Grade]])*DropAnalityka[[#This Row],[Quality/Quantity]],0) -> 1546 | K99: =IFERROR(SUMIFS(Tabela10[Fod Worth],Tabela10[Drop],DropAnalityka[[#This Row],[Drop]],Tabela10[Grade],DropAnalityka[[#This Row],[Grade]])*DropAnalityka[[#This Row],[Quality/Quantity]],0) -> 0 | L99: =IFERROR(SUMIFS(Tabela10[Exp Gain only 2*+],Tabela10[Drop],DropAnalityka[[#This Row],[Drop]],Tabela10[Grade],DropAnalityka[[#This Row],[Grade]])*DropAnalityka[[#This Row],[Quality/Quantity]],0) -> 0
A100: Tamor Desert | B100: Hard | C100: 3 | D100: 1346 | E100: 1 | F100: Scroll | G100: 2 | H100: 1* | I100: 0 | J100: =DropAnalityka[[#This Row],[Sell Drop]]+IFERROR(SUMIFS(Tabela10[Drop Worth],Tabela10[Drop],DropAnalityka[[#This Row],[Drop]],Tabela10[Grade],DropAnalityka[[#This Row],[Grade]])*DropAnalityka[[#This Row],[Quality/Quantity]],0) -> 4000 | K100: =IFERROR(SUMIFS(Tabela10[Fod Worth],Tabela10[Drop],DropAnalityka[[#This Row],[Drop]],Tabela10[Grade],DropAnalityka[[#This Row],[Grade]])*DropAnalityka[[#This Row],[Quality/Quantity]],0) -> 0 | L100: =IFERROR(SUMIFS(Tabela10[Exp Gain only 2*+],Tabela10[Drop],DropAnalityka[[#This Row],[Drop]],Tabela10[Grade],DropAnalityka[[#This Row],[Grade]])*DropAnalityka[[#This Row],[Quality/Quantity]],0) -> 1600
...

Sheet Fusion
F5: Water | I5: Wind | L5: Fire | O5: Magic | R5: Dark
C6: GOT | D6: Grade/lvl | F6: Low | G6: Mid | H6: High | I6: Low | J6: Mid | K6: High | L6: Low | M6: Mid | N6: High | O6: Low | P6: Mid | Q6: High | R6: Low | S6: Mid | T6: High
A7: VEROMOS | B7: Undine(water) | D7: 5* 35
A8: VEROMOS | B8: Bearman(water) | C8: Y | D8: 4* 30
A9: VEROMOS | B9: G.reapen(water) | C9: Y | D9: 4* 30
A10: VEROMOS | B10: Inferno(wind) | C10: Y | D10: 4* 30
A11: VEROMOS | B11: Imp(fire) | C11: Y | D11: 4* 30
A12: VEROMOS | B12: Succubus(fire) | C12: Y | D12: 5* 35
A13: VEROMOS | B13: Beast Hunter(fire) | C13: Y | D13: 4* 30
A14: VEROMOS | B14: Salamander(fire) | C14: Y | D14: 4* 30
A15: VEROMOS | B15: Harpy(water) | C15: Y | D15: 4* 30
A16: VEROMOS | B16: Harpu(wind) | C16: Y | D16: 4* 30
A17: VEROMOS | B17: Vampire(wind) | C17: Y | D17: 5* 35
A18: VEROMOS | B18: Lizardman(wind) | C18: Y | D18: 4* 30
A19: VEROMOS | B19: Minotaur(wind) | C19: Y | D19: 4* 30
... A21: VEROMOS | B21: Pixie(water) | C21: Y | D21: 4* 30
A22: VEROMOS | B22: Yeti(dark) | D22: 5*35
A23: VEROMOS | B23: Veromos | C23: Y | D23: 6* 39 | P23: 5 | Q23: 15 | S23: 10 | T23: 20
E24: Tot. Need | F24: =SUM(F$7:F$23) -> 0 | G24: =SUM(G$7:G$23) -> 0 | H24: =SUM(H$7:H$23) -> 0 | I24: =SUM(I$7:I$23) -> 0 | J24: =SUM(J$7:J$23) -> 0 | K24: =SUM(K$7:K$23) -> 0 | L24: =SUM(L$7:L$23) -> 0 | M24: =SUM(M$7:M$23) -> 0 | ... T24: =SUM(T$7:T$23) -> 20
E25: Tot.got
E26: Missing | F26: =MAXA(F24-F25,0) -> 0 | G26: =MAXA(G24-G25,0) -> 0 | H26: =MAXA(H24-H25,0) -> 0 | I26: =MAXA(I24-I25,0) -> 0 | J26: =MAXA(J24-J25,0) -> 0 | K26: =MAXA(K24-K25,0) -> 0 | L26: =MAXA(L24-L25,0) -> 0 | M26: =MAXA(M24-M25,0) -> 0 | ... T26: =MAXA(T24-T25,0) -> 20
G27: Runs number to finish
E28: 9 | F28: =F$26/VLOOKUP(F$6,Tabela11[#All],6,FALSE) -> 0 | G28: =G$26/VLOOKUP(G$6,Tabela11[#All],6,FALSE) -> 0 | H28: =H$26/VLOOKUP(H$6,Tabela11[#All],6,FALSE) -> 0 | I28: =I$26/VLOOKUP(I$6,Tabela11[#All],6,FALSE) -> 0 | J28: =J$26/VLOOKUP(J$6,Tabela11[#All],6,FALSE) -> 0 | K28: =K$26/VLOOKUP(K$6,Tabela11[#All],6,FALSE) -> 0 | L28: =L$26/VLOOKUP(L$6,Tabela11[#All],6,FALSE) -> 0 | M28: =M$26/VLOOKUP(M$6,Tabela11[#All],6,FALSE) -> 0 | ... T28: =T$26/VLOOKUP(T$6,Tabela11[#All],6,FALSE) -> 75
E29: 8 | F29: =F$26/VLOOKUP(F$6,Tabela11[#All],5,FALSE) -> 0 | G29: =G$26/VLOOKUP(G$6,Tabela11[#All],5,FALSE) -> 0 | H29: =H$26/VLOOKUP(H$6,Tabela11[#All],5,FALSE) -> 0 | I29: =I$26/VLOOKUP(I$6,Tabela11[#All],5,FALSE) -> 0 | J29: =J$26/VLOOKUP(J$6,Tabela11[#All],5,FALSE) -> 0 | K29: =K$26/VLOOKUP(K$6,Tabela11[#All],5,FALSE) -> 0 | L29: =L$26/VLOOKUP(L$6,Tabela11[#All],5,FALSE) -> 0 | M29: =M$26/VLOOKUP(M$6,Tabela11[#All],5,FALSE) -> 0 | ... T29: =T$26/VLOOKUP(T$6,Tabela11[#All],5,FALSE) -> 91.428571
E30: 7 | F30: =F$26/VLOOKUP(F$6,Tabela11[#All],4,FALSE) -> 0 | G30: =G$26/VLOOKUP(G$6,Tabela11[#All],4,FALSE) -> 0 | H30: =H$26/VLOOKUP(H$6,Tabela11[#All],4,FALSE) -> 0 | I30: =I$26/VLOOKUP(I$6,Tabela11[#All],4,FALSE) -> 0 | J30: =J$26/VLOOKUP(J$6,Tabela11[#All],4,FALSE) -> 0 | K30: =K$26/VLOOKUP(K$6,Tabela11[#All],4,FALSE) -> 0 | L30: =L$26/VLOOKUP(L$6,Tabela11[#All],4,FALSE) -> 0 | M30: =M$26/VLOOKUP(M$6,Tabela11[#All],4,FALSE) -> 0 | ... T30: =T$26/VLOOKUP(T$6,Tabela11[#All],4,FALSE) -> 148.88889
G32: Energy cost | U32: Total Energy Req
E33: 9 | F33: =F$26/VLOOKUP(F$6,Tabela11[#All],6,FALSE)*(7-12*0.065) -> 0 | G33: =G$26/VLOOKUP(G$6,Tabela11[#All],6,FALSE)*(7-12*0.065) -> 0 | H33: =H$26/VLOOKUP(H$6,Tabela11[#All],6,FALSE)*(7-12*0.065) -> 0 | I33: =I$26/VLOOKUP(I$6,Tabela11[#All],6,FALSE)*(7-12*0.065) -> 0 | J33: =J$26/VLOOKUP(J$6,Tabela11[#All],6,FALSE)*(7-12*0.065) -> 0 | K33: =K$26/VLOOKUP(K$6,Tabela11[#All],6,FALSE)*(7-12*0.065) -> 0 | L33: =L$26/VLOOKUP(L$6,Tabela11[#All],6,FALSE)*(7-12*0.065) -> 0 | M33: =M$26/VLOOKUP(M$6,Tabela11[#All],6,FALSE)*(7-12*0.065) -> 0 | ... T33: =T$26/VLOOKUP(T$6,Tabela11[#All],6,FALSE)*(7-12*0.065) -> 466.5 | U33: =MAX(F33:H33)+MAX(I33:K33)+MAX(L33:N33)+MAX(O33:Q33)+MAX(R33:T33) -> 816.375
E34: 8 | F34: =F$26/VLOOKUP(F$6,Tabela11[#All],5,FALSE)*(7-12*0.065) -> 0 | G34: =G$26/VLOOKUP(G$6,Tabela11[#All],5,FALSE)*(7-12*0.065) -> 0 | H34: =H$26/VLOOKUP(H$6,Tabela11[#All],5,FALSE)*(7-12*0.065) -> 0 | I34: =I$26/VLOOKUP(I$6,Tabela11[#All],5,FALSE)*(7-12*0.065) -> 0 | J34: =J$26/VLOOKUP(J$6,Tabela11[#All],5,FALSE)*(7-12*0.065) -> 0 | K34: =K$26/VLOOKUP(K$6,Tabela11[#All],5,FALSE)*(7-12*0.065) -> 0 | L34: =L$26/VLOOKUP(L$6,Tabela11[#All],5,FALSE)*(7-12*0.065) -> 0 | M34: =M$26/VLOOKUP(M$6,Tabela11[#All],5,FALSE)*(7-12*0.065) -> 0 | ... T34: =T$26/VLOOKUP(T$6,Tabela11[#All],5,FALSE)*(7-12*0.065) -> 568.68571 | U34: =MAX(F34:H34)+MAX(I34:K34)+MAX(L34:N34)+MAX(O34:Q34)+MAX(R34:T34) -> 995.2
E35: 7 | F35: =F$26/VLOOKUP(F$6,Tabela11[#All],4,FALSE)*(6-12*0.065) -> 0 | G35: =G$26/VLOOKUP(G$6,Tabela11[#All],4,FALSE)*(6-12*0.065) -> 0 | H35: =H$26/VLOOKUP(H$6,Tabela11[#All],4,FALSE)*(6-12*0.065) -> 0 | I35: =I$26/VLOOKUP(I$6,Tabela11[#All],4,FALSE)*(6-12*0.065) -> 0 | J35: =J$26/VLOOKUP(J$6,Tabela11[#All],4,FALSE)*(6-12*0.065) -> 0 | K35: =K$26/VLOOKUP(K$6,Tabela11[#All],4,FALSE)*(6-12*0.065) -> 0 | L35: =L$26/VLOOKUP(L$6,Tabela11[#All],4,FALSE)*(6-12*0.065) -> 0 | M35: =M$26/VLOOKUP(M$6,Tabela11[#All],4,FALSE)*(6-12*0.065) -> 0 | ... T35: =T$26/VLOOKUP(T$6,Tabela11[#All],4,FALSE)*(6-12*0.065) -> 777.2 | U35: =MAX(F35:H35)+MAX(I35:K35)+MAX(L35:N35)+MAX(O35:Q35)+MAX(R35:T35) -> 1360.1
F37: Water | I37: Wind | L37: Fire | O37: Magic | R37: Dark
C38: GOT | D38: Grade/lvl | F38: Low | G38: Mid | H38: High | I38: Low | J38: Mid | K38: High | L38: Low | M38: Mid | N38: High | O38: Low | P38: Mid | Q38: High | R38: Low | S38: Mid | T38: High
A39: SIGMARUS | B39: Joker(fire) | M39: 20 | N39: 10 | P39: 15 | Q39: 5
A40: SIGMARUS | B40: Werewolf(fire) | C40: 1 | L40: 10 | M40: 15 | O40: 5 | P40: 10
A41: SIGMARUS | B41: M.Archer(fire) | C41: 2 | L41: 5 | M41: 20 | O41: 5 | P41: 15
A42: SIGMARUS | B42: Golem(water) | C42: 1 | F42: 10 | G42: 15 | O42: 5 | P42: 10
A43: SIGMARUS | B43: Howl(wind) | C43: 1 | I43: 20 | O43: 15
A44: SIGMARUS | B44: Ninja(water) | G44: 20 | H44: 10 | P44: 15 | Q44: 5
A45: SIGMARUS | B45: Inugami(water) | C45: 1 | F45: 10 | G45: 15 | O45: 5 | P45: 10
A46: SIGMARUS | B46: Griffon(water) | C46: 1 | F46: 10 | G46: 15 | O46: 5 | P46: 10
A47: SIGMARUS | B47: Bearman(wind) | C47: 1 | I47: 10 | J47: 15 | O47: 5 | P47: 10
A48: SIGMARUS | B48: Yeti(fire) | C48: 1 | L48: 15 | M48: 1 | O48: 20
A49: SIGMARUS | B49: 9-tailed fox(wind) | J49: 20 | K49: 10 | P49: 15 | Q49: 5
A50: SIGMARUS | B50: Harpy(wind) | C50: 2 | I50: 10 | J50: 15 | O50: 10 | P50: 10
A51: SIGMARUS | B51: Amazon(wind) | C51: 2 | I51: 10 | J51: 15 | O51: 5 | P51: 10
A52: SIGMARUS | B52: High.elem(fire) | C52: 2 | L52: 10 | M52: 15 | O52: 5 | P52: 10
A53: SIGMARUS | B53: Garuda(water) | C53: 1 | F53: 15 | G53: 2 | O53: 15
A54: SIGMARUS | B54: M.Cat(water) | C54: 1 | F54: 10 | G54: 15 | O54: 5 | P54: 10
A55: SIGMARUS | B55: Sigmarus | G55: 10 | H55: 20 | P55: 5 | Q55: 15
E56: Tot. Need | F56: =SUM(F39:F55) -> 55 | G56: =SUM(G39:G55) -> 92 | H56: =SUM(H39:H55) -> 30 | I56: =SUM(I39:I55) -> 50 | J56: =SUM(J39:J55) -> 65 | K56: =SUM(K39:K55) -> 10 | L56: =SUM(L39:L55) -> 40 | M56: =SUM(M39:M55) -> 71 | ... T56: =SUM(T39:T55) -> 0
E57: Tot.got | F57: 189 | G57: 4 | H57: 8 | I57: 94 | J57: 17 | K57: 24 | L57: 76 | M57: 19 | N57: 30 | O57: 285 | P57: 3 | Q57: 48 | R57: 70 | S57: 45 | T57: 0
E58: Missing | F58: =MAXA(F56-F57,0) -> 0 | G58: =MAXA(G56-G57,0) -> 88 | H58: =MAXA(H56-H57,0) -> 22 | I58: =MAXA(I56-I57,0) -> 0 | J58: =MAXA(J56-J57,0) -> 48 | K58: =MAXA(K56-K57,0) -> 0 | L58: =MAXA(L56-L57,0) -> 0 | M58: =MAXA(M56-M57,0) -> 52 | ... T58: =MAXA(T56-T57,0) -> 0
G59: Runs number to finish
E60: 9 | F60: =F$58/VLOOKUP(F$38,Tabela11[#All],6,FALSE) -> 0 | G60: =G$58/VLOOKUP(G$38,Tabela11[#All],6,FALSE) -> 157.61194 | H60: =H$58/VLOOKUP(H$38,Tabela11[#All],6,FALSE) -> 82.5 | I60: =I$58/VLOOKUP(I$38,Tabela11[#All],6,FALSE) -> 0 | J60: =J$58/VLOOKUP(J$38,Tabela11[#All],6,FALSE) -> 85.970149 | K60: =K$58/VLOOKUP(K$38,Tabela11[#All],6,FALSE) -> 0 | L60: =L$58/VLOOKUP(L$38,Tabela11[#All],6,FALSE) -> 0 | M60: =M$58/VLOOKUP(M$38,Tabela11[#All],6,FALSE) -> 93.134328 | ... T60: =T$58/VLOOKUP(T$38,Tabela11[#All],6,FALSE) -> 0
E61: 8 | F61: =F$58/VLOOKUP(F$38,Tabela11[#All],5,FALSE) -> 0 | G61: =G$58/VLOOKUP(G$38,Tabela11[#All],5,FALSE) -> 402.28571 | H61: =H$58/VLOOKUP(H$38,Tabela11[#All],5,FALSE) -> 100.57143 | I61: =I$58/VLOOKUP(I$38,Tabela11[#All],5,FALSE) -> 0 | J61: =J$58/VLOOKUP(J$38,Tabela11[#All],5,FALSE) -> 219.42857 | K61: =K$58/VLOOKUP(K$38,Tabela11[#All],5,FALSE) -> 0 | L61: =L$58/VLOOKUP(L$38,Tabela11[#All],5,FALSE) -> 0 | M61: =M$58/VLOOKUP(M$38,Tabela11[#All],5,FALSE) -> 237.71429 | ... T61: =T$58/VLOOKUP(T$38,Tabela11[#All],5,FALSE) -> 0
E62: 7 | F62: =F$58/VLOOKUP(F$38,Tabela11[#All],4,FALSE) -> 0 | G62: =G$58/VLOOKUP(G$38,Tabela11[#All],4,FALSE) -> 159.35135 | H62: =H$58/VLOOKUP(H$38,Tabela11[#All],4,FALSE) -> 163.77778 | I62: =I$58/VLOOKUP(I$38,Tabela11[#All],4,FALSE) -> 0 | J62: =J$58/VLOOKUP(J$38,Tabela11[#All],4,FALSE) -> 86.918919 | K62: =K$58/VLOOKUP(K$38,Tabela11[#All],4,FALSE) -> 0 | L62: =L$58/VLOOKUP(L$38,Tabela11[#All],4,FALSE) -> 0 | M62: =M$58/VLOOKUP(M$38,Tabela11[#All],4,FALSE) -> 94.162162 | ... T62: =T$58/VLOOKUP(T$38,Tabela11[#All],4,FALSE) -> 0
G64: Energy cost | U64: Total Energy Req
E65: 9 | F65: =F$58/VLOOKUP(F$38,Tabela11[#All],6,FALSE)*(7-12*0.065) -> 0 | G65: =G$58/VLOOKUP(G$38,Tabela11[#All],6,FALSE)*(7-12*0.065) -> 980.34627 | H65: =H$58/VLOOKUP(H$38,Tabela11[#All],6,FALSE)*(7-12*0.065) -> 513.15 | I65: =I$58/VLOOKUP(I$38,Tabela11[#All],6,FALSE)*(7-12*0.065) -> 0 | J65: =J$58/VLOOKUP(J$38,Tabela11[#All],6,FALSE)*(7-12*0.065) -> 534.73433 | K65: =K$58/VLOOKUP(K$38,Tabela11[#All],6,FALSE)*(7-12*0.065) -> 0 | L65: =L$58/VLOOKUP(L$38,Tabela11[#All],6,FALSE)*(7-12*0.065) -> 0 | M65: =M$58/VLOOKUP(M$38,Tabela11[#All],6,FALSE)*(7-12*0.065) -> 579.29552 | ... T65: =T$58/VLOOKUP(T$38,Tabela11[#All],6,FALSE)*(7-12*0.065) -> 0 | U65: =MAX(F65:H65)+MAX(I65:K65)+MAX(L65:N65)+MAX(O65:Q65)+MAX(R65:T65) -> 3787.7015
E66: 8 | F66: =F$58/VLOOKUP(F$38,Tabela11[#All],5,FALSE)*(7-12*0.065) -> 0 | G66: =G$58/VLOOKUP(G$38,Tabela11[#All],5,FALSE)*(7-12*0.065) -> 2502.2171 | H66: =H$58/VLOOKUP(H$38,Tabela11[#All],5,FALSE)*(7-12*0.065) -> 625.55429 | I66: =I$58/VLOOKUP(I$38,Tabela11[#All],5,FALSE)*(7-12*0.065) -> 0 | J66: =J$58/VLOOKUP(J$38,Tabela11[#All],5,FALSE)*(7-12*0.065) -> 1364.8457 | K66: =K$58/VLOOKUP(K$38,Tabela11[#All],5,FALSE)*(7-12*0.065) -> 0 | L66: =L$58/VLOOKUP(L$38,Tabela11[#All],5,FALSE)*(7-12*0.065) -> 0 | M66: =M$58/VLOOKUP(M$38,Tabela11[#All],5,FALSE)*(7-12*0.065) -> 1478.5829 | ... T66: =T$58/VLOOKUP(T$38,Tabela11[#All],5,FALSE)*(7-12*0.065) -> 0 | U66: =MAX(F66:H66)+MAX(I66:K66)+MAX(L66:N66)+MAX(O66:Q66)+MAX(R66:T66) -> 9667.6571
E67: 7 | F67: =F$58/VLOOKUP(F$38,Tabela11[#All],4,FALSE)*(6-12*0.065) -> 0 | G67: =G$58/VLOOKUP(G$38,Tabela11[#All],4,FALSE)*(6-12*0.065) -> 831.81405 | H67: =H$58/VLOOKUP(H$38,Tabela11[#All],4,FALSE)*(6-12*0.065) -> 854.92 | I67: =I$58/VLOOKUP(I$38,Tabela11[#All],4,FALSE)*(6-12*0.065) -> 0 | J67: =J$58/VLOOKUP(J$38,Tabela11[#All],4,FALSE)*(6-12*0.065) -> 453.71676 | K67: =K$58/VLOOKUP(K$38,Tabela11[#All],4,FALSE)*(6-12*0.065) -> 0 | L67: =L$58/VLOOKUP(L$38,Tabela11[#All],4,FALSE)*(6-12*0.065) -> 0 | M67: =M$58/VLOOKUP(M$38,Tabela11[#All],4,FALSE)*(6-12*0.065) -> 491.52649 | ... T67: =T$58/VLOOKUP(T$38,Tabela11[#All],4,FALSE)*(6-12*0.065) -> 0 | U67: =MAX(F67:H67)+MAX(I67:K67)+MAX(L67:N67)+MAX(O67:Q67)+MAX(R67:T67) -> 3236.933
F69: Water | I69: Wind | L69: Fire | O69: Magic | R69: Dark
C70: GOT | D70: Grade/lvl | F70: Low | G70: Mid | H70: High | I70: Low | J70: Mid | K70: High | L70: Low | M70: Mid | N70: High | O70: Low | P70: Mid | Q70: High | R70: Low | S70: Mid | T70: High
A71: CATARINA | B71: Sylph(fire) | G71: 20 | H71: 10 | P71: 15 | Q71: 5
A72: CATARINA | B72: Serpent(fire) | C72: 0 | F72: 10 | G72: 15 | O72: 5 | P72: 10
A73: CATARINA | B73: M.Cat(fire) | C73: 2 | F73: 10 | G73: 15 | O73: 5 | P73: 10
A74: CATARINA | B74: M.Archer(water) | C74: 1 | I74: 10 | J74: 15 | O74: 5 | P74: 10
A75: CATARINA | B75: Salamander(wind) | C75: 0 | L75: 20 | O75: 15
A76: CATARINA | B76: Undine(water) | M76: 20 | N76: 10 | P76: 15 | Q76: 5
A77: CATARINA | B77: Bearman(water) | C77: 1
A78: CATARINA | B78: G.Reaper(water) | C78: 1
A79: CATARINA | B79: Inferno(wind) | C79: 1+1SD | F79: 10 | G79: 15
A80: CATARINA | B80: Imp(fire) | C80: 2
A81: CATARINA | B81: 9-tailed fox(wind) | J81: 15 | K81: 12 | P81: 15 | Q81: 10
A82: CATARINA | B82: Harpy(wind) | C82: 2 | I82: 10 | J82: 15 | O82: 5 | P82: 10
A83: CATARINA | B83: Amazon(wind) | C83: 2 | I83: 10 | J83: 15 | O83: 5 | P83: 10
A84: CATARINA | B84: High.elem(fire) | C84: 2 | L84: 10 | M84: 15 | O84: 5 | P84: 10
A85: CATARINA | B85: Garuda(water) | C85: 1 | F85: 20 | O85: 15
A86: CATARINA | B86: Werewolf(wind) | O86: 20
A87: CATARINA | B87: Catarina | P87: 5 | Q87: 15
E88: Tot. Need | F88: =SUM(F71:F87) -> 50 | G88: =SUM(G71:G87) -> 65 | H88: =SUM(H71:H87) -> 10 | I88: =SUM(I71:I87) -> 30 | J88: =SUM(J71:J87) -> 60 | K88: =SUM(K71:K87) -> 12 | L88: =SUM(L71:L87) -> 30 | M88: =SUM(M71:M87) -> 35 | ... T88: =SUM(T71:T87) -> 0
E89: Tot.got | F89: 207 | G89: 1 | H89: 19 | I89: 90 | J89: 14 | K89: 24 | L89: 64 | M89: 24 | N89: 23 | O89: 312 | P89: 31 | Q89: 66 | R89: =MAXA(R57-R56,0) -> 70 | S89: 44 | T89: 0
E90: Missing | F90: =MAXA(F88-F89,0) -> 0 | G90: =MAXA(G88-G89,0) -> 64 | H90: =MAXA(H88-H89,0) -> 0 | I90: =MAXA(I88-I89,0) -> 0 | J90: =MAXA(J88-J89,0) -> 46 | K90: =MAXA(K88-K89,0) -> 0 | L90: =MAXA(L88-L89,0) -> 0 | M90: =MAXA(M88-M89,0) -> 11 | ... T90: =MAXA(T88-T89,0) -> 0
G91: Runs number to finish
E92: 9 | F92: =F$90/VLOOKUP(F$6,Tabela11[#All],6,FALSE) -> 0 | G92: =G$90/VLOOKUP(G$6,Tabela11[#All],6,FALSE) -> 114.62687 | H92: =H$90/VLOOKUP(H$6,Tabela11[#All],6,FALSE) -> 0 | I92: =I$90/VLOOKUP(I$6,Tabela11[#All],6,FALSE) -> 0 | J92: =J$90/VLOOKUP(J$6,Tabela11[#All],6,FALSE) -> 82.38806 | K92: =K$90/VLOOKUP(K$6,Tabela11[#All],6,FALSE) -> 0 | L92: =L$90/VLOOKUP(L$6,Tabela11[#All],6,FALSE) -> 0 | M92: =M$90/VLOOKUP(M$6,Tabela11[#All],6,FALSE) -> 19.701493 | ... T92: =T$90/VLOOKUP(T$6,Tabela11[#All],6,FALSE) -> 0
E93: 8 | F93: =F$90/VLOOKUP(F$6,Tabela11[#All],5,FALSE) -> 0 | G93: =G$90/VLOOKUP(G$6,Tabela11[#All],5,FALSE) -> 292.57143 | H93: =H$90/VLOOKUP(H$6,Tabela11[#All],5,FALSE) -> 0 | I93: =I$90/VLOOKUP(I$6,Tabela11[#All],5,FALSE) -> 0 | J93: =J$90/VLOOKUP(J$6,Tabela11[#All],5,FALSE) -> 210.28571 | K93: =K$90/VLOOKUP(K$6,Tabela11[#All],5,FALSE) -> 0 | L93: =L$90/VLOOKUP(L$6,Tabela11[#All],5,FALSE) -> 0 | M93: =M$90/VLOOKUP(M$6,Tabela11[#All],5,FALSE) -> 50.285714 | ... T93: =T$90/VLOOKUP(T$6,Tabela11[#All],5,FALSE) -> 0
E94: 7 | F94: =F$90/VLOOKUP(F$6,Tabela11[#All],4,FALSE) -> 0 | G94: =G$90/VLOOKUP(G$6,Tabela11[#All],4,FALSE) -> 115.89189 | H94: =H$90/VLOOKUP(H$6,Tabela11[#All],4,FALSE) -> 0 | I94: =I$90/VLOOKUP(I$6,Tabela11[#All],4,FALSE) -> 0 | J94: =J$90/VLOOKUP(J$6,Tabela11[#All],4,FALSE) -> 83.297297 | K94: =K$90/VLOOKUP(K$6,Tabela11[#All],4,FALSE) -> 0 | L94: =L$90/VLOOKUP(L$6,Tabela11[#All],4,FALSE) -> 0 | M94: =M$90/VLOOKUP(M$6,Tabela11[#All],4,FALSE) -> 19.918919 | ... T94: =T$90/VLOOKUP(T$6,Tabela11[#All],4,FALSE) -> 0
G96: Energy cost | U96: Total Energy Req
E97: 9 | F97: =F$90/VLOOKUP(F$6,Tabela11[#All],6,FALSE)*(7-12*0.065) -> 0 | G97: =G$90/VLOOKUP(G$6,Tabela11[#All],6,FALSE)*(7-12*0.065) -> 712.9791 | H97: =H$90/VLOOKUP(H$6,Tabela11[#All],6,FALSE)*(7-12*0.065) -> 0 | I97: =I$90/VLOOKUP(I$6,Tabela11[#All],6,FALSE)*(7-12*0.065) -> 0 | J97: =J$90/VLOOKUP(J$6,Tabela11[#All],6,FALSE)*(7-12*0.065) -> 512.45373 | K97: =K$90/VLOOKUP(K$6,Tabela11[#All],6,FALSE)*(7-12*0.065) -> 0 | L97: =L$90/VLOOKUP(L$6,Tabela11[#All],6,FALSE)*(7-12*0.065) -> 0 | M97: =M$90/VLOOKUP(M$6,Tabela11[#All],6,FALSE)*(7-12*0.065) -> 122.54328 | ... T97: =T$90/VLOOKUP(T$6,Tabela11[#All],6,FALSE)*(7-12*0.065) -> 0 | U97: =MAX(F97:H97)+MAX(I97:K97)+MAX(L97:N97)+MAX(O97:Q97)+MAX(R97:T97) -> 2228.0597
E98: 8 | F98: =F$90/VLOOKUP(F$6,Tabela11[#All],5,FALSE)*(7-12*0.065) -> 0 | G98: =G$90/VLOOKUP(G$6,Tabela11[#All],5,FALSE)*(7-12*0.065) -> 1819.7943 | H98: =H$90/VLOOKUP(H$6,Tabela11[#All],5,FALSE)*(7-12*0.065) -> 0 | I98: =I$90/VLOOKUP(I$6,Tabela11[#All],5,FALSE)*(7-12*0.065) -> 0 | J98: =J$90/VLOOKUP(J$6,Tabela11[#All],5,FALSE)*(7-12*0.065) -> 1307.9771 | K98: =K$90/VLOOKUP(K$6,Tabela11[#All],5,FALSE)*(7-12*0.065) -> 0 | L98: =L$90/VLOOKUP(L$6,Tabela11[#All],5,FALSE)*(7-12*0.065) -> 0 | M98: =M$90/VLOOKUP(M$6,Tabela11[#All],5,FALSE)*(7-12*0.065) -> 312.77714 | ... T98: =T$90/VLOOKUP(T$6,Tabela11[#All],5,FALSE)*(7-12*0.065) -> 0 | U98: =MAX(F98:H98)+MAX(I98:K98)+MAX(L98:N98)+MAX(O98:Q98)+MAX(R98:T98) -> 5686.8571
E99: 7 | F99: =F$90/VLOOKUP(F$6,Tabela11[#All],4,FALSE)*(6-12*0.065) -> 0 | G99: =G$90/VLOOKUP(G$6,Tabela11[#All],4,FALSE)*(6-12*0.065) -> 604.95568 | H99: =H$90/VLOOKUP(H$6,Tabela11[#All],4,FALSE)*(6-12*0.065) -> 0 | I99: =I$90/VLOOKUP(I$6,Tabela11[#All],4,FALSE)*(6-12*0.065) -> 0 | J99: =J$90/VLOOKUP(J$6,Tabela11[#All],4,FALSE)*(6-12*0.065) -> 434.81189 | K99: =K$90/VLOOKUP(K$6,Tabela11[#All],4,FALSE)*(6-12*0.065) -> 0 | L99: =L$90/VLOOKUP(L$6,Tabela11[#All],4,FALSE)*(6-12*0.065) -> 0 | M99: =M$90/VLOOKUP(M$6,Tabela11[#All],4,FALSE)*(6-12*0.065) -> 103.97676 | ... T99: =T$90/VLOOKUP(T$6,Tabela11[#All],4,FALSE)*(6-12*0.065) -> 0 | U99: =MAX(F99:H99)+MAX(I99:K99)+MAX(L99:N99)+MAX(O99:Q99)+MAX(R99:T99) -> 1890.4865

Sheet Location features
A1: Location | B1: LVL | C1: Stage | D1: E. Cost | E1: XP Gain per member | F1: Mon nbr | G1: Uwagi | H1: Soloable | I1: Drop worth gain | J1: Energy gain | K1: XP Total Gain | L1: XP Train Gain | M1: XP drop | N1: DropWorthGain/Energy | O1: XP train/energy | P1: XP/Energy | Q1: Próbka | R1: Pure Cash to XP + XP Train/Energy | S1: TimeToComplete Sek | T1: SetToComplete | U1: TimeToComplete Sek2 | V1: SetToComplete2
A2: Aiden | B2: Hard | C2: 11 | D2: 4 | E2: 1394 | F2: 13 | I2: =AVERAGEIFS(DropAnalityka[Mana drop],DropAnalityka[Location],LocFeatures[[#This Row],[Location]],DropAnalityka[LVL],LocFeatures[[#This Row],[LVL]],DropAnalityka[Stage],LocFeatures[[#This Row],[Stage]])+AVERAGEIFS(DropAnalityka[Drop Worth],DropAnalityka[Location],LocFeatures[[#This Row],[Location]],DropAnalityka[LVL],LocFeatures[[#This Row],[LVL]],DropAnalityka[Stage],LocFeatures[[#This Row],[Stage]])+AVERAGEIFS(DropAnalityka[Fod Worth],DropAnalityka[Location],LocFeatures[[#This Row],[Location]],DropAnalityka[LVL],LocFeatures[[#This Row],[LVL]],DropAnalityka[Stage],LocFeatures[[#This Row],[Stage]]) -> 4948.25 | J2: =AVERAGEIFS(DropAnalityka[Energy Drop],DropAnalityka[Location],LocFeatures[[#This Row],[Location]],DropAnalityka[LVL],LocFeatures[[#This Row],[LVL]],DropAnalityka[Stage],LocFeatures[[#This Row],[Stage]]) -> 0.78125 | K2: =4*LocFeatures[[#This Row],[XP Gain per member]] -> 5576 | L2: =3*LocFeatures[[#This Row],[XP Gain per member]] -> 4182 | M2: =AVERAGEIFS(DropAnalityka[Exp Gain],DropAnalityka[Location],LocFeatures[[#This Row],[Location]],DropAnalityka[LVL],LocFeatures[[#This Row],[LVL]],DropAnalityka[Stage],LocFeatures[[#This Row],[Stage]]) -> 1519.4375 | N2: =LocFeatures[[#This Row],[Drop worth gain]]/(LocFeatures[[#This Row],[E. Cost]]-LocFeatures[[#This Row],[Energy gain]]) -> 1537.3204 | O2: =LocFeatures[[#This Row],[XP Train Gain]]/(LocFeatures[[#This Row],[E. Cost]]-LocFeatures[[#This Row],[Energy gain]]) -> 1299.2621 | P2: =(LocFeatures[[#This Row],[XP Train Gain]]+LocFeatures[[#This Row],[XP drop]])/(LocFeatures[[#This Row],[E. Cost]]-LocFeatures[[#This Row],[Energy gain]]) -> 1771.3204 | Q2: =COUNTIFS(DropAnalityka[Location],LocFeatures[[#This Row],[Location]],DropAnalityka[LVL],LocFeatures[[#This Row],[LVL]],DropAnalityka[Stage],LocFeatures[[#This Row],[Stage]]) -> 32 | R2: =((AVERAGEIFS(DropAnalityka[Mana drop],DropAnalityka[Location],LocFeatures[[#This Row],[Location]],DropAnalityka[LVL],LocFeatures[[#This Row],[LVL]],DropAnalityka[Stage],LocFeatures[[#This Row],[Stage]])+AVERAGEIFS(DropAnalityka[Sell Drop],DropAnalityka[Location],LocFeatures[[#This Row],[Location]],DropAnalityka[LVL],LocFeatures[[#This Row],[LVL]],DropAnalityka[Stage],LocFeatures[[#This Row],[Stage]]))/(LocFeatures[[#This Row],[E. Cost]]-LocFeatures[[#This Row],[Energy gain]]))*3.4+LocFeatures[[#This Row],[XP train/energy]] -> 4821.8646
A3: Aiden | B3: Normal | C3: 1 | D3: 3 | E3: 799 | F3: 13 | I3: =AVERAGEIFS(DropAnalityka[Mana drop],DropAnalityka[Location],LocFeatures[[#This Row],[Location]],DropAnalityka[LVL],LocFeatures[[#This Row],[LVL]],DropAnalityka[Stage],LocFeatures[[#This Row],[Stage]])+AVERAGEIFS(DropAnalityka[Drop Worth],DropAnalityka[Location],LocFeatures[[#This Row],[Location]],DropAnalityka[LVL],LocFeatures[[#This Row],[LVL]],DropAnalityka[Stage],LocFeatures[[#This Row],[Stage]])+AVERAGEIFS(DropAnalityka[Fod Worth],DropAnalityka[Location],LocFeatures[[#This Row],[Location]],DropAnalityka[LVL],LocFeatures[[#This Row],[LVL]],DropAnalityka[Stage],LocFeatures[[#This Row],[Stage]]) -> 3789.9479 | J3: =AVERAGEIFS(DropAnalityka[Energy Drop],DropAnalityka[Location],LocFeatures[[#This Row],[Location]],DropAnalityka[LVL],LocFeatures[[#This Row],[LVL]],DropAnalityka[Stage],LocFeatures[[#This Row],[Stage]]) -> 0.88541667 | K3: =4*LocFeatures[[#This Row],[XP Gain per member]] -> 3196 | L3: =3*LocFeatures[[#This Row],[XP Gain per member]] -> 2397 | M3: =AVERAGEIFS(DropAnalityka[Exp Gain],DropAnalityka[Location],LocFeatures[[#This Row],[Location]],DropAnalityka[LVL],LocFeatures[[#This Row],[LVL]],DropAnalityka[Stage],LocFeatures[[#This Row],[Stage]]) -> 175 | N3: =LocFeatures[[#This Row],[Drop worth gain]]/(LocFeatures[[#This Row],[E. Cost]]-LocFeatures[[#This Row],[Energy gain]]) -> 1792.2906 | O3: =LocFeatures[[#This Row],[XP Train Gain]]/(LocFeatures[[#This Row],[E. Cost]]-LocFeatures[[#This Row],[Energy gain]]) -> 1133.5567 | P3: =(LocFeatures[[#This Row],[XP Train Gain]]+LocFeatures[[#This Row],[XP drop]])/(LocFeatures[[#This Row],[E. Cost]]-LocFeatures[[#This Row],[Energy gain]]) -> 1216.3153 | Q3: =COUNTIFS(DropAnalityka[Location],LocFeatures[[#This Row],[Location]],DropAnalityka[LVL],LocFeatures[[#This Row],[LVL]],DropAnalityka[Stage],LocFeatures[[#This Row],[Stage]]) -> 96 | R3: =((AVERAGEIFS(DropAnalityka[Mana drop],DropAnalityka[Location],LocFeatures[[#This Row],[Location]],DropAnalityka[LVL],LocFeatures[[#This Row],[LVL]],DropAnalityka[Stage],LocFeatures[[#This Row],[Stage]])+AVERAGEIFS(DropAnalityka[Sell Drop],DropAnalityka[Location],LocFeatures[[#This Row],[Location]],DropAnalityka[LVL],LocFeatures[[#This Row],[LVL]],DropAnalityka[Stage],LocFeatures[[#This Row],[Stage]]))/(LocFeatures[[#This Row],[E. Cost]]-LocFeatures[[#This Row],[Energy gain]]))*3.4+LocFeatures[[#This Row],[XP train/energy]] -> 4790.399
A4: Aiden | B4: Normal | C4: 2 | D4: 3 | E4: 804 | F4: 13 | I4: =AVERAGEIFS(DropAnalityka[Mana drop],DropAnalityka[Location],LocFeatures[[#This Row],[Location]],DropAnalityka[LVL],LocFeatures[[#This Row],[LVL]],DropAnalityka[Stage],LocFeatures[[#This Row],[Stage]])+AVERAGEIFS(DropAnalityka[Drop Worth],DropAnalityka[Location],LocFeatures[[#This Row],[Location]],DropAnalityka[LVL],LocFeatures[[#This Row],[LVL]],DropAnalityka[Stage],LocFeatures[[#This Row],[Stage]])+AVERAGEIFS(DropAnalityka[Fod Worth],DropAnalityka[Location],LocFeatures[[#This Row],[Location]],DropAnalityka[LVL],LocFeatures[[#This Row],[LVL]],DropAnalityka[Stage],LocFeatures[[#This Row],[Stage]]) -> 3392 | J4: =AVERAGEIFS(DropAnalityka[Energy Drop],DropAnalityka[Location],LocFeatures[[#This Row],[Location]],DropAnalityka[LVL],LocFeatures[[#This Row],[LVL]],DropAnalityka[Stage],LocFeatures[[#This Row],[Stage]]) -> 0 | K4: =4*LocFeatures[[#This Row],[XP Gain per member]] -> 3216 | L4: =3*LocFeatures[[#This Row],[XP Gain per member]] -> 2412 | M4: =AVERAGEIFS(DropAnalityka[Exp Gain],DropAnalityka[Location],LocFeatures[[#This Row],[Location]],DropAnalityka[LVL],LocFeatures[[#This Row],[LVL]],DropAnalityka[Stage],LocFeatures[[#This Row],[Stage]]) -> 0 | N4: =LocFeatures[[#This Row],[Drop worth gain]]/(LocFeatures[[#This Row],[E. Cost]]-LocFeatures[[#This Row],[Energy gain]]) -> 1130.6667 | O4: =LocFeatures[[#This Row],[XP Train Gain]]/(LocFeatures[[#This Row],[E. Cost]]-LocFeatures[[#This Row],[Energy gain]]) -> 804 | P4: =(LocFeatures[[#This Row],[XP Train Gain]]+LocFeatures[[#This Row],[XP drop]])/(LocFeatures[[#This Row],[E. Cost]]-LocFeatures[[#This Row],[Energy gain]]) -> 804 | Q4: =COUNTIFS(DropAnalityka[Location],LocFeatures[[#This Row],[Location]],DropAnalityka[LVL],LocFeatures[[#This Row],[LVL]],DropAnalityka[Stage],LocFeatures[[#This Row],[Stage]]) -> 1 | R4: =((AVERAGEIFS(DropAnalityka[Mana drop],DropAnalityka[Location],LocFeatures[[#This Row],[Location]],DropAnalityka[LVL],LocFeatures[[#This Row],[LVL]],DropAnalityka[Stage],LocFeatures[[#This Row],[Stage]])+AVERAGEIFS(DropAnalityka[Sell Drop],DropAnalityka[Location],LocFeatures[[#This Row],[Location]],DropAnalityka[LVL],LocFeatures[[#This Row],[LVL]],DropAnalityka[Stage],LocFeatures[[#This Row],[Stage]]))/(LocFeatures[[#This Row],[E. Cost]]-LocFeatures[[#This Row],[Energy gain]]))*3.4+LocFeatures[[#This Row],[XP train/energy]] -> 4648.2667
A5: Aiden | B5: Normal | C5: 3 | D5: 3 | E5: 804 | I5: =AVERAGEIFS(DropAnalityka[Mana drop],DropAnalityka[Location],LocFeatures[[#This Row],[Location]],DropAnalityka[LVL],LocFeatures[[#This Row],[LVL]],DropAnalityka[Stage],LocFeatures[[#This Row],[Stage]])+AVERAGEIFS(DropAnalityka[Drop Worth],DropAnalityka[Location],LocFeatures[[#This Row],[Location]],DropAnalityka[LVL],LocFeatures[[#This Row],[LVL]],DropAnalityka[Stage],LocFeatures[[#This Row],[Stage]])+AVERAGEIFS(DropAnalityka[Fod Worth],DropAnalityka[Location],LocFeatures[[#This Row],[Location]],DropAnalityka[LVL],LocFeatures[[#This Row],[LVL]],DropAnalityka[Stage],LocFeatures[[#This Row],[Stage]]) -> 2964 | J5: =AVERAGEIFS(DropAnalityka[Energy Drop],DropAnalityka[Location],LocFeatures[[#This Row],[Location]],DropAnalityka[LVL],LocFeatures[[#This Row],[LVL]],DropAnalityka[Stage],LocFeatures[[#This Row],[Stage]]) -> 0 | K5: =4*LocFeatures[[#This Row],[XP Gain per member]] -> 3216 | L5: =3*LocFeatures[[#This Row],[XP Gain per member]] -> 2412 | M5: =AVERAGEIFS(DropAnalityka[Exp Gain],DropAnalityka[Location],LocFeatures[[#This Row],[Location]],DropAnalityka[LVL],LocFeatures[[#This Row],[LVL]],DropAnalityka[Stage],LocFeatures[[#This Row],[Stage]]) -> 0 | N5: =LocFeatures[[#This Row],[Drop worth gain]]/(LocFeatures[[#This Row],[E. Cost]]-LocFeatures[[#This Row],[Energy gain]]) -> 988 | O5: =LocFeatures[[#This Row],[XP Train Gain]]/(LocFeatures[[#This Row],[E. Cost]]-LocFeatures[[#This Row],[Energy gain]]) -> 804 | P5: =(LocFeatures[[#This Row],[XP Train Gain]]+LocFeatures[[#This Row],[XP drop]])/(LocFeatures[[#This Row],[E. Cost]]-LocFeatures[[#This Row],[Energy gain]]) -> 804 | Q5: =COUNTIFS(DropAnalityka[Location],LocFeatures[[#This Row],[Location]],DropAnalityka[LVL],LocFeatures[[#This Row],[LVL]],DropAnalityka[Stage],LocFeatures[[#This Row],[Stage]]) -> 2 | R5: =((AVERAGEIFS(DropAnalityka[Mana drop],DropAnalityka[Location],LocFeatures[[#This Row],[Location]],DropAnalityka[LVL],LocFeatures[[#This Row],[LVL]],DropAnalityka[Stage],LocFeatures[[#This Row],[Stage]])+AVERAGEIFS(DropAnalityka[Sell Drop],DropAnalityka[Location],LocFeatures[[#This Row],[Location]],DropAnalityka[LVL],LocFeatures[[#This Row],[LVL]],DropAnalityka[Stage],LocFeatures[[#This Row],[Stage]]))/(LocFeatures[[#This Row],[E. Cost]]-LocFeatures[[#This Row],[Energy gain]]))*3.4+LocFeatures[[#This Row],[XP train/energy]] -> 4163.2
A6: Dragon | B6: Normal | C6: 8 | D6: 8 | I6: =AVERAGEIFS(DropAnalityka[Mana drop],DropAnalityka[Location],LocFeatures[[#This Row],[Location]],DropAnalityka[LVL],LocFeatures[[#This Row],[LVL]],DropAnalityka[Stage],LocFeatures[[#This Row],[Stage]])+AVERAGEIFS(DropAnalityka[Drop Worth],DropAnalityka[Location],LocFeatures[[#This Row],[Location]],DropAnalityka[LVL],LocFeatures[[#This Row],[LVL]],DropAnalityka[Stage],LocFeatures[[#This Row],[Stage]])+AVERAGEIFS(DropAnalityka[Fod Worth],DropAnalityka[Location],LocFeatures[[#This Row],[Location]],DropAnalityka[LVL],LocFeatures[[#This Row],[LVL]],DropAnalityka[Stage],LocFeatures[[#This Row],[Stage]]) -> 12029.389 | J6: =AVERAGEIFS(DropAnalityka[Energy Drop],DropAnalityka[Location],LocFeatures[[#This Row],[Location]],DropAnalityka[LVL],LocFeatures[[#This Row],[LVL]],DropAnalityka[Stage],LocFeatures[[#This Row],[Stage]]) -> 0.88888889 | K6: =5*LocFeatures[[#This Row],[XP Gain per member]] -> 0 | L6: =3*LocFeatures[[#This Row],[XP Gain per member]] -> 0 | M6: =AVERAGEIFS(DropAnalityka[Exp Gain],DropAnalityka[Location],LocFeatures[[#This Row],[Location]],DropAnalityka[LVL],LocFeatures[[#This Row],[LVL]],DropAnalityka[Stage],LocFeatures[[#This Row],[Stage]]) -> 3190.1111 | N6: =LocFeatures[[#This Row],[Drop worth gain]]/(LocFeatures[[#This Row],[E. Cost]]-LocFeatures[[#This Row],[Energy gain]]) -> 1691.6328 | O6: =LocFeatures[[#This Row],[XP Train Gain]]/(LocFeatures[[#This Row],[E. Cost]]-LocFeatures[[#This Row],[Energy gain]]) -> 0 | P6: =(LocFeatures[[#This Row],[XP Train Gain]]+LocFeatures[[#This Row],[XP drop]])/(LocFeatures[[#This Row],[E. Cost]]-LocFeatures[[#This Row],[Energy gain]]) -> 448.60938 | Q6: =COUNTIFS(DropAnalityka[Location],LocFeatures[[#This Row],[Location]],DropAnalityka[LVL],LocFeatures[[#This Row],[LVL]],DropAnalityka[Stage],LocFeatures[[#This Row],[Stage]]) -> 18 | R6: =((AVERAGEIFS(DropAnalityka[Mana drop],DropAnalityka[Location],LocFeatures[[#This Row],[Location]],DropAnalityka[LVL],LocFeatures[[#This Row],[LVL]],DropAnalityka[Stage],LocFeatures[[#This Row],[Stage]])+AVERAGEIFS(DropAnalityka[Sell Drop],DropAnalityka[Location],LocFeatures[[#This Row],[Location]],DropAnalityka[LVL],LocFeatures[[#This Row],[LVL]],DropAnalityka[Stage],LocFeatures[[#This Row],[Stage]]))/(LocFeatures[[#This Row],[E. Cost]]-LocFeatures[[#This Row],[Energy gain]]))*3.4+LocFeatures[[#This Row],[XP train/energy]] -> 4138.1141
A7: Dragon | B7: Normal | C7: 9 | D7: 8 | I7: =AVERAGEIFS(DropAnalityka[Mana drop],DropAnalityka[Location],LocFeatures[[#This Row],[Location]],DropAnalityka[LVL],LocFeatures[[#This Row],[LVL]],DropAnalityka[Stage],LocFeatures[[#This Row],[Stage]])+AVERAGEIFS(DropAnalityka[Drop Worth],DropAnalityka[Location],LocFeatures[[#This Row],[Location]],DropAnalityka[LVL],LocFeatures[[#This Row],[LVL]],DropAnalityka[Stage],LocFeatures[[#This Row],[Stage]])+AVERAGEIFS(DropAnalityka[Fod Worth],DropAnalityka[Location],LocFeatures[[#This Row],[Location]],DropAnalityka[LVL],LocFeatures[[#This Row],[LVL]],DropAnalityka[Stage],LocFeatures[[#This Row],[Stage]]) -> 12550.255 | J7: =AVERAGEIFS(DropAnalityka[Energy Drop],DropAnalityka[Location],LocFeatures[[#This Row],[Location]],DropAnalityka[LVL],LocFeatures[[#This Row],[LVL]],DropAnalityka[Stage],LocFeatures[[#This Row],[Stage]]) -> 1 | K7: =5*LocFeatures[[#This Row],[XP Gain per member]] -> 0 | L7: =3*LocFeatures[[#This Row],[XP Gain per member]] -> 0 | M7: =AVERAGEIFS(DropAnalityka[Exp Gain],DropAnalityka[Location],LocFeatures[[#This Row],[Location]],DropAnalityka[LVL],LocFeatures[[#This Row],[LVL]],DropAnalityka[Stage],LocFeatures[[#This Row],[Stage]]) -> 2158.7391 | N7: =LocFeatures[[#This Row],[Drop worth gain]]/(LocFeatures[[#This Row],[E. Cost]]-LocFeatures[[#This Row],[Energy gain]]) -> 1792.8935 | O7: =LocFeatures[[#This Row],[XP Train Gain]]/(LocFeatures[[#This Row],[E. Cost]]-LocFeatures[[#This Row],[Energy gain]]) -> 0 | P7: =(LocFeatures[[#This Row],[XP Train Gain]]+LocFeatures[[#This Row],[XP drop]])/(LocFeatures[[#This Row],[E. Cost]]-LocFeatures[[#This Row],[Energy gain]]) -> 308.3913 | Q7: =COUNTIFS(DropAnalityka[Location],LocFeatures[[#This Row],[Location]],DropAnalityka[LVL],LocFeatures[[#This Row],[LVL]],DropAnalityka[Stage],LocFeatures[[#This Row],[Stage]]) -> 110 | R7: =((AVERAGEIFS(DropAnalityka[Mana drop],DropAnalityka[Location],LocFeatures[[#This Row],[Location]],DropAnalityka[LVL],LocFeatures[[#This Row],[LVL]],DropAnalityka[Stage],LocFeatures[[#This Row],[Stage]])+AVERAGEIFS(DropAnalityka[Sell Drop],DropAnalityka[Location],LocFeatures[[#This Row],[Location]],DropAnalityka[LVL],LocFeatures[[#This Row],[LVL]],DropAnalityka[Stage],LocFeatures[[#This Row],[Stage]]))/(LocFeatures[[#This Row],[E. Cost]]-LocFeatures[[#This Row],[Energy gain]]))*3.4+LocFeatures[[#This Row],[XP train/energy]] -> 4889.6106
A8: Dragon | B8: Normal | C8: 10 | D8: 8 | I8: =AVERAGEIFS(DropAnalityka[Mana drop],DropAnalityka[Location],LocFeatures[[#This Row],[Location]],DropAnalityka[LVL],LocFeatures[[#This Row],[LVL]],DropAnalityka[Stage],LocFeatures[[#This Row],[Stage]])+AVERAGEIFS(DropAnalityka[Drop Worth],DropAnalityka[Location],LocFeatures[[#This Row],[Location]],DropAnalityka[LVL],LocFeatures[[#This Row],[LVL]],DropAnalityka[Stage],LocFeatures[[#This Row],[Stage]])+AVERAGEIFS(DropAnalityka[Fod Worth],DropAnalityka[Location],LocFeatures[[#This Row],[Location]],DropAnalityka[LVL],LocFeatures[[#This Row],[LVL]],DropAnalityka[Stage],LocFeatures[[#This Row],[Stage]]) -> 13626.341 | J8: =AVERAGEIFS(DropAnalityka[Energy Drop],DropAnalityka[Location],LocFeatures[[#This Row],[Location]],DropAnalityka[LVL],LocFeatures[[#This Row],[LVL]],DropAnalityka[Stage],LocFeatures[[#This Row],[Stage]]) -> 1.2272727 | K8: =5*LocFeatures[[#This Row],[XP Gain per member]] -> 0 | L8: =3*LocFeatures[[#This Row],[XP Gain per member]] -> 0 | M8: =AVERAGEIFS(DropAnalityka[Exp Gain],DropAnalityka[Location],LocFeatures[[#This Row],[Location]],DropAnalityka[LVL],LocFeatures[[#This Row],[LVL]],DropAnalityka[Stage],LocFeatures[[#This Row],[Stage]]) -> 3059.4841 | N8: =LocFeatures[[#This Row],[Drop worth gain]]/(LocFeatures[[#This Row],[E. Cost]]-LocFeatures[[#This Row],[Energy gain]]) -> 2011.943 | O8: =LocFeatures[[#This Row],[XP Train Gain]]/(LocFeatures[[#This Row],[E. Cost]]-LocFeatures[[#This Row],[Energy gain]]) -> 0 | P8: =(LocFeatures[[#This Row],[XP Train Gain]]+LocFeatures[[#This Row],[XP drop]])/(LocFeatures[[#This Row],[E. Cost]]-LocFeatures[[#This Row],[Energy gain]]) -> 451.73591 | Q8: =COUNTIFS(DropAnalityka[Location],LocFeatures[[#This Row],[Location]],DropAnalityka[LVL],LocFeatures[[#This Row],[LVL]],DropAnalityka[Stage],LocFeatures[[#This Row],[Stage]]) -> 22 | R8: =((AVERAGEIFS(DropAnalityka[Mana drop],DropAnalityka[Location],LocFeatures[[#This Row],[Location]],DropAnalityka[LVL],LocFeatures[[#This Row],[LVL]],DropAnalityka[Stage],LocFeatures[[#This Row],[Stage]])+AVERAGEIFS(DropAnalityka[Sell Drop],DropAnalityka[Location],LocFeatures[[#This Row],[Location]],DropAnalityka[LVL],LocFeatures[[#This Row],[LVL]],DropAnalityka[Stage],LocFeatures[[#This Row],[Stage]]))/(LocFeatures[[#This Row],[E. Cost]]-LocFeatures[[#This Row],[Energy gain]]))*3.4+LocFeatures[[#This Row],[XP train/energy]] -> 4876.1933
A9: Faimon | B9: Hard | C9: 1 | D9: 4 | E9: 1276 | I9: =AVERAGEIFS(DropAnalityka[Mana drop],DropAnalityka[Location],LocFeatures[[#This Row],[Location]],DropAnalityka[LVL],LocFeatures[[#This Row],[LVL]],DropAnalityka[Stage],LocFeatures[[#This Row],[Stage]])+AVERAGEIFS(DropAnalityka[Drop Worth],DropAnalityka[Location],LocFeatures[[#This Row],[Location]],DropAnalityka[LVL],LocFeatures[[#This Row],[LVL]],DropAnalityka[Stage],LocFeatures[[#This Row],[Stage]])+AVERAGEIFS(DropAnalityka[Fod Worth],DropAnalityka[Location],LocFeatures[[#This Row],[Location]],DropAnalityka[LVL],LocFeatures[[#This Row],[LVL]],DropAnalityka[Stage],LocFeatures[[#This Row],[Stage]]) -> 5674.2093 | J9: =AVERAGEIFS(DropAnalityka[Energy Drop],DropAnalityka[Location],LocFeatures[[#This Row],[Location]],DropAnalityka[LVL],LocFeatures[[#This Row],[LVL]],DropAnalityka[Stage],LocFeatures[[#This Row],[Stage]]) -> 0.79069767 | K9: =4*LocFeatures[[#This Row],[XP Gain per member]] -> 5104 | L9: =3*LocFeatures[[#This Row],[XP Gain per member]] -> 3828 | M9: =AVERAGEIFS(DropAnalityka[Exp Gain],DropAnalityka[Location],LocFeatures[[#This Row],[Location]],DropAnalityka[LVL],LocFeatures[[#This Row],[LVL]],DropAnalityka[Stage],LocFeatures[[#This Row],[Stage]]) -> 1889.3953 | N9: =LocFeatures[[#This Row],[Drop worth gain]]/(LocFeatures[[#This Row],[E. Cost]]-LocFeatures[[#This Row],[Energy gain]]) -> 1768.0507 | O9: =LocFeatures[[#This Row],[XP Train Gain]]/(LocFeatures[[#This Row],[E. Cost]]-LocFeatures[[#This Row],[Energy gain]]) -> 1192.7826 | P9: =(LocFeatures[[#This Row],[XP Train Gain]]+LocFeatures[[#This Row],[XP drop]])/(LocFeatures[[#This Row],[E. Cost]]-LocFeatures[[#This Row],[Energy gain]]) -> 1781.5072 | Q9: =COUNTIFS(DropAnalityka[Location],LocFeatures[[#This Row],[Location]],DropAnalityka[LVL],LocFeatures[[#This Row],[LVL]],DropAnalityka[Stage],LocFeatures[[#This Row],[Stage]]) -> 43 | R9: =((AVERAGEIFS(DropAnalityka[Mana drop],DropAnalityka[Location],LocFeatures[[#This Row],[Location]],DropAnalityka[LVL],LocFeatures[[#This Row],[LVL]],DropAnalityka[Stage],LocFeatures[[#This Row],[Stage]])+AVERAGEIFS(DropAnalityka[Sell Drop],DropAnalityka[Location],LocFeatures[[#This Row],[Location]],DropAnalityka[LVL],LocFeatures[[#This Row],[LVL]],DropAnalityka[Stage],LocFeatures[[#This Row],[Stage]]))/(LocFeatures[[#This Row],[E. Cost]]-LocFeatures[[#This Row],[Energy gain]]))*3.4+LocFeatures[[#This Row],[XP train/energy]] -> 4629.5174
A10: Faimon | B10: Hard | C10: 11 | D10: 4 | E10: 1276 | I10: =AVERAGEIFS(DropAnalityka[Mana drop],DropAnalityka[Location],LocFeatures[[#This Row],[Location]],DropAnalityka[LVL],LocFeatures[[#This Row],[LVL]],DropAnalityka[Stage],LocFeatures[[#This Row],[Stage]])+AVERAGEIFS(DropAnalityka[Drop Worth],DropAnalityka[Location],LocFeatures[[#This Row],[Location]],DropAnalityka[LVL],LocFeatures[[#This Row],[LVL]],DropAnalityka[Stage],LocFeatures[[#This Row],[Stage]])+AVERAGEIFS(DropAnalityka[Fod Worth],DropAnalityka[Location],LocFeatures[[#This Row],[Location]],DropAnalityka[LVL],LocFeatures[[#This Row],[LVL]],DropAnalityka[Stage],LocFeatures[[#This Row],[Stage]]) -> 4964.7241 | J10: =AVERAGEIFS(DropAnalityka[Energy Drop],DropAnalityka[Location],LocFeatures[[#This Row],[Location]],DropAnalityka[LVL],LocFeatures[[#This Row],[LVL]],DropAnalityka[Stage],LocFeatures[[#This Row],[Stage]]) -> 0.94252874 | K10: =4*LocFeatures[[#This Row],[XP Gain per member]] -> 5104 | L10: =3*LocFeatures[[#This Row],[XP Gain per member]] -> 3828 | M10: =AVERAGEIFS(DropAnalityka[Exp Gain],DropAnalityka[Location],LocFeatures[[#This Row],[Location]],DropAnalityka[LVL],LocFeatures[[#This Row],[LVL]],DropAnalityka[Stage],LocFeatures[[#This Row],[Stage]]) -> 742.78161 | N10: =LocFeatures[[#This Row],[Drop worth gain]]/(LocFeatures[[#This Row],[E. Cost]]-LocFeatures[[#This Row],[Energy gain]]) -> 1623.8008 | O10: =LocFeatures[[#This Row],[XP Train Gain]]/(LocFeatures[[#This Row],[E. Cost]]-LocFeatures[[#This Row],[Energy gain]]) -> 1252.015 | P10: =(LocFeatures[[#This Row],[XP Train Gain]]+LocFeatures[[#This Row],[XP drop]])/(LocFeatures[[#This Row],[E. Cost]]-LocFeatures[[#This Row],[Energy gain]]) -> 1494.9549 | Q10: =COUNTIFS(DropAnalityka[Location],LocFeatures[[#This Row],[Location]],DropAnalityka[LVL],LocFeatures[[#This Row],[LVL]],DropAnalityka[Stage],LocFeatures[[#This Row],[Stage]]) -> 87 | R10: =((AVERAGEIFS(DropAnalityka[Mana drop],DropAnalityka[Location],LocFeatures[[#This Row],[Location]],DropAnalityka[LVL],LocFeatures[[#This Row],[LVL]],DropAnalityka[Stage],LocFeatures[[#This Row],[Stage]])+AVERAGEIFS(DropAnalityka[Sell Drop],DropAnalityka[Location],LocFeatures[[#This Row],[Location]],DropAnalityka[LVL],LocFeatures[[#This Row],[LVL]],DropAnalityka[Stage],LocFeatures[[#This Row],[Stage]]))/(LocFeatures[[#This Row],[E. Cost]]-LocFeatures[[#This Row],[Energy gain]]))*3.4+LocFeatures[[#This Row],[XP train/energy]] -> 4676.697 | S10: 58 | T10: Lapis
A11: Faimon | B11: Normal | C11: 1 | D11: 3 | E11: 756 | F11: 13 | G11: Fire | I11: =AVERAGEIFS(DropAnalityka[Mana drop],DropAnalityka[Location],LocFeatures[[#This Row],[Location]],DropAnalityka[LVL],LocFeatures[[#This Row],[LVL]],DropAnalityka[Stage],LocFeatures[[#This Row],[Stage]])+AVERAGEIFS(DropAnalityka[Drop Worth],DropAnalityka[Location],LocFeatures[[#This Row],[Location]],DropAnalityka[LVL],LocFeatures[[#This Row],[LVL]],DropAnalityka[Stage],LocFeatures[[#This Row],[Stage]])+AVERAGEIFS(DropAnalityka[Fod Worth],DropAnalityka[Location],LocFeatures[[#This Row],[Location]],DropAnalityka[LVL],LocFeatures[[#This Row],[LVL]],DropAnalityka[Stage],LocFeatures[[#This Row],[Stage]]) -> 3224.358 | J11: =AVERAGEIFS(DropAnalityka[Energy Drop],DropAnalityka[Location],LocFeatures[[#This Row],[Location]],DropAnalityka[LVL],LocFeatures[[#This Row],[LVL]],DropAnalityka[Stage],LocFeatures[[#This Row],[Stage]]) -> 0.87654321 | K11: =4*LocFeatures[[#This Row],[XP Gain per member]] -> 3024 | L11: =3*LocFeatures[[#This Row],[XP Gain per member]] -> 2268 | M11: =AVERAGEIFS(DropAnalityka[Exp Gain],DropAnalityka[Location],LocFeatures[[#This Row],[Location]],DropAnalityka[LVL],LocFeatures[[#This Row],[LVL]],DropAnalityka[Stage],LocFeatures[[#This Row],[Stage]]) -> 227.16049 | N11: =LocFeatures[[#This Row],[Drop worth gain]]/(LocFeatures[[#This Row],[E. Cost]]-LocFeatures[[#This Row],[Energy gain]]) -> 1518.4477 | O11: =LocFeatures[[#This Row],[XP Train Gain]]/(LocFeatures[[#This Row],[E. Cost]]-LocFeatures[[#This Row],[Energy gain]]) -> 1068.0698 | P11: =(LocFeatures[[#This Row],[XP Train Gain]]+LocFeatures[[#This Row],[XP drop]])/(LocFeatures[[#This Row],[E. Cost]]-LocFeatures[[#This Row],[Energy gain]]) -> 1175.0465 | Q11: =COUNTIFS(DropAnalityka[Location],LocFeatures[[#This Row],[Location]],DropAnalityka[LVL],LocFeatures[[#This Row],[LVL]],DropAnalityka[Stage],LocFeatures[[#This Row],[Stage]]) -> 81 | R11: =((AVERAGEIFS(DropAnalityka[Mana drop],DropAnalityka[Location],LocFeatures[[#This Row],[Location]],DropAnalityka[LVL],LocFeatures[[#This Row],[LVL]],DropAnalityka[Stage],LocFeatures[[#This Row],[Stage]])+AVERAGEIFS(DropAnalityka[Sell Drop],DropAnalityka[Location],LocFeatures[[#This Row],[Location]],DropAnalityka[LVL],LocFeatures[[#This Row],[LVL]],DropAnalityka[Stage],LocFeatures[[#This Row],[Stage]]))/(LocFeatures[[#This Row],[E. Cost]]-LocFeatures[[#This Row],[Energy gain]]))*3.4+LocFeatures[[#This Row],[XP train/energy]] -> 4639.5128
A12: Giants | B12: Normal | C12: 7 | D12: 6 | I12: =AVERAGEIFS(DropAnalityka[Mana drop],DropAnalityka[Location],LocFeatures[[#This Row],[Location]],DropAnalityka[LVL],LocFeatures[[#This Row],[LVL]],DropAnalityka[Stage],LocFeatures[[#This Row],[Stage]])+AVERAGEIFS(DropAnalityka[Drop Worth],DropAnalityka[Location],LocFeatures[[#This Row],[Location]],DropAnalityka[LVL],LocFeatures[[#This Row],[LVL]],DropAnalityka[Stage],LocFeatures[[#This Row],[Stage]])+AVERAGEIFS(DropAnalityka[Fod Worth],DropAnalityka[Location],LocFeatures[[#This Row],[Location]],DropAnalityka[LVL],LocFeatures[[#This Row],[LVL]],DropAnalityka[Stage],LocFeatures[[#This Row],[Stage]]) -> 8235.7 | J12: =AVERAGEIFS(DropAnalityka[Energy Drop],DropAnalityka[Location],LocFeatures[[#This Row],[Location]],DropAnalityka[LVL],LocFeatures[[#This Row],[LVL]],DropAnalityka[Stage],LocFeatures[[#This Row],[Stage]]) -> 1.1 | K12: =5*LocFeatures[[#This Row],[XP Gain per member]] -> 0 | L12: =3*LocFeatures[[#This Row],[XP Gain per member]] -> 0 | M12: =AVERAGEIFS(DropAnalityka[Exp Gain],DropAnalityka[Location],LocFeatures[[#This Row],[Location]],DropAnalityka[LVL],LocFeatures[[#This Row],[LVL]],DropAnalityka[Stage],LocFeatures[[#This Row],[Stage]]) -> 1664.262 | N12: =LocFeatures[[#This Row],[Drop worth gain]]/(LocFeatures[[#This Row],[E. Cost]]-LocFeatures[[#This Row],[Energy gain]]) -> 1680.7551 | O12: =LocFeatures[[#This Row],[XP Train Gain]]/(LocFeatures[[#This Row],[E. Cost]]-LocFeatures[[#This Row],[Energy gain]]) -> 0 | P12: =(LocFeatures[[#This Row],[XP Train Gain]]+LocFeatures[[#This Row],[XP drop]])/(LocFeatures[[#This Row],[E. Cost]]-LocFeatures[[#This Row],[Energy gain]]) -> 339.64531 | Q12: =COUNTIFS(DropAnalityka[Location],LocFeatures[[#This Row],[Location]],DropAnalityka[LVL],LocFeatures[[#This Row],[LVL]],DropAnalityka[Stage],LocFeatures[[#This Row],[Stage]]) -> 50 | R12: =((AVERAGEIFS(DropAnalityka[Mana drop],DropAnalityka[Location],LocFeatures[[#This Row],[Location]],DropAnalityka[LVL],LocFeatures[[#This Row],[LVL]],DropAnalityka[Stage],LocFeatures[[#This Row],[Stage]])+AVERAGEIFS(DropAnalityka[Sell Drop],DropAnalityka[Location],LocFeatures[[#This Row],[Location]],DropAnalityka[LVL],LocFeatures[[#This Row],[LVL]],DropAnalityka[Stage],LocFeatures[[#This Row],[Stage]]))/(LocFeatures[[#This Row],[E. Cost]]-LocFeatures[[#This Row],[Energy gain]]))*3.4+LocFeatures[[#This Row],[XP train/energy]] -> 3948.9959
A13: Giants | B13: Normal | C13: 8 | D13: 7 | I13: =AVERAGEIFS(DropAnalityka[Mana drop],DropAnalityka[Location],LocFeatures[[#This Row],[Location]],DropAnalityka[LVL],LocFeatures[[#This Row],[LVL]],DropAnalityka[Stage],LocFeatures[[#This Row],[Stage]])+AVERAGEIFS(DropAnalityka[Drop Worth],DropAnalityka[Location],LocFeatures[[#This Row],[Location]],DropAnalityka[LVL],LocFeatures[[#This Row],[LVL]],DropAnalityka[Stage],LocFeatures[[#This Row],[Stage]])+AVERAGEIFS(DropAnalityka[Fod Worth],DropAnalityka[Location],LocFeatures[[#This Row],[Location]],DropAnalityka[LVL],LocFeatures[[#This Row],[LVL]],DropAnalityka[Stage],LocFeatures[[#This Row],[Stage]]) -> 8899.8649 | J13: =AVERAGEIFS(DropAnalityka[Energy Drop],DropAnalityka[Location],LocFeatures[[#This Row],[Location]],DropAnalityka[LVL],LocFeatures[[#This Row],[LVL]],DropAnalityka[Stage],LocFeatures[[#This Row],[Stage]]) -> 0.89189189 | K13: =4*LocFeatures[[#This Row],[XP Gain per member]] -> 0 | L13: =3*LocFeatures[[#This Row],[XP Gain per member]] -> 0 | M13: =AVERAGEIFS(DropAnalityka[Exp Gain],DropAnalityka[Location],LocFeatures[[#This Row],[Location]],DropAnalityka[LVL],LocFeatures[[#This Row],[LVL]],DropAnalityka[Stage],LocFeatures[[#This Row],[Stage]]) -> 821.62162 | N13: =LocFeatures[[#This Row],[Drop worth gain]]/(LocFeatures[[#This Row],[E. Cost]]-LocFeatures[[#This Row],[Energy gain]]) -> 1457.0575 | O13: =LocFeatures[[#This Row],[XP Train Gain]]/(LocFeatures[[#This Row],[E. Cost]]-LocFeatures[[#This Row],[Energy gain]]) -> 0 | P13: =(LocFeatures[[#This Row],[XP Train Gain]]+LocFeatures[[#This Row],[XP drop]])/(LocFeatures[[#This Row],[E. Cost]]-LocFeatures[[#This Row],[Energy gain]]) -> 134.51327 | Q13: =COUNTIFS(DropAnalityka[Location],LocFeatures[[#This Row],[Location]],DropAnalityka[LVL],LocFeatures[[#This Row],[LVL]],DropAnalityka[Stage],LocFeatures[[#This Row],[Stage]]) -> 37 | R13: =((AVERAGEIFS(DropAnalityka[Mana drop],DropAnalityka[Location],LocFeatures[[#This Row],[Location]],DropAnalityka[LVL],LocFeatures[[#This Row],[LVL]],DropAnalityka[Stage],LocFeatures[[#This Row],[Stage]])+AVERAGEIFS(DropAnalityka[Sell Drop],DropAnalityka[Location],LocFeatures[[#This Row],[Location]],DropAnalityka[LVL],LocFeatures[[#This Row],[LVL]],DropAnalityka[Stage],LocFeatures[[#This Row],[Stage]]))/(LocFeatures[[#This Row],[E. Cost]]-LocFeatures[[#This Row],[Energy gain]]))*3.4+LocFeatures[[#This Row],[XP train/energy]] -> 3810.6327
A14: Giants | B14: Normal | C14: 10 | D14: 8 | I14: =AVERAGEIFS(DropAnalityka[Mana drop],DropAnalityka[Location],LocFeatures[[#This Row],[Location]],DropAnalityka[LVL],LocFeatures[[#This Row],[LVL]],DropAnalityka[Stage],LocFeatures[[#This Row],[Stage]])+AVERAGEIFS(DropAnalityka[Drop Worth],DropAnalityka[Location],LocFeatures[[#This Row],[Location]],DropAnalityka[LVL],LocFeatures[[#This Row],[LVL]],DropAnalityka[Stage],LocFeatures[[#This Row],[Stage]])+AVERAGEIFS(DropAnalityka[Fod Worth],DropAnalityka[Location],LocFeatures[[#This Row],[Location]],DropAnalityka[LVL],LocFeatures[[#This Row],[LVL]],DropAnalityka[Stage],LocFeatures[[#This Row],[Stage]]) -> 12889.107 | J14: =AVERAGEIFS(DropAnalityka[Energy Drop],DropAnalityka[Location],LocFeatures[[#This Row],[Location]],DropAnalityka[LVL],LocFeatures[[#This Row],[LVL]],DropAnalityka[Stage],LocFeatures[[#This Row],[Stage]]) -> 0.94117647 | K14: =5*LocFeatures[[#This Row],[XP Gain per member]] -> 0 | L14: =3*LocFeatures[[#This Row],[XP Gain per member]] -> 0 | M14: =AVERAGEIFS(DropAnalityka[Exp Gain],DropAnalityka[Location],LocFeatures[[#This Row],[Location]],DropAnalityka[LVL],LocFeatures[[#This Row],[LVL]],DropAnalityka[Stage],LocFeatures[[#This Row],[Stage]]) -> 3498.285 | N14: =LocFeatures[[#This Row],[Drop worth gain]]/(LocFeatures[[#This Row],[E. Cost]]-LocFeatures[[#This Row],[Energy gain]]) -> 1825.9568 | O14: =LocFeatures[[#This Row],[XP Train Gain]]/(LocFeatures[[#This Row],[E. Cost]]-LocFeatures[[#This Row],[Energy gain]]) -> 0 | P14: =(LocFeatures[[#This Row],[XP Train Gain]]+LocFeatures[[#This Row],[XP drop]])/(LocFeatures[[#This Row],[E. Cost]]-LocFeatures[[#This Row],[Energy gain]]) -> 495.59038 | Q14: =COUNTIFS(DropAnalityka[Location],LocFeatures[[#This Row],[Location]],DropAnalityka[LVL],LocFeatures[[#This Row],[LVL]],DropAnalityka[Stage],LocFeatures[[#This Row],[Stage]]) -> 187 | R14: =((AVERAGEIFS(DropAnalityka[Mana drop],DropAnalityka[Location],LocFeatures[[#This Row],[Location]],DropAnalityka[LVL],LocFeatures[[#This Row],[LVL]],DropAnalityka[Stage],LocFeatures[[#This Row],[Stage]])+AVERAGEIFS(DropAnalityka[Sell Drop],DropAnalityka[Location],LocFeatures[[#This Row],[Location]],DropAnalityka[LVL],LocFeatures[[#This Row],[LVL]],DropAnalityka[Stage],LocFeatures[[#This Row],[Stage]]))/(LocFeatures[[#This Row],[E. Cost]]-LocFeatures[[#This Row],[Energy gain]]))*3.4+LocFeatures[[#This Row],[XP train/energy]] -> 4550.3024
A15: HoFire | B15: Normal | C15: 9 | D15: 7 | E15: 642 | F15: 12 | G15: Fire | H15: Y - fast | I15: =AVERAGEIFS(DropAnalityka[Mana drop],DropAnalityka[Location],LocFeatures[[#This Row],[Location]],DropAnalityka[LVL],LocFeatures[[#This Row],[LVL]],DropAnalityka[Stage],LocFeatures[[#This Row],[Stage]])+AVERAGEIFS(DropAnalityka[Drop Worth],DropAnalityka[Location],LocFeatures[[#This Row],[Location]],DropAnalityka[LVL],LocFeatures[[#This Row],[LVL]],DropAnalityka[Stage],LocFeatures[[#This Row],[Stage]])+AVERAGEIFS(DropAnalityka[Fod Worth],DropAnalityka[Location],LocFeatures[[#This Row],[Location]],DropAnalityka[LVL],LocFeatures[[#This Row],[LVL]],DropAnalityka[Stage],LocFeatures[[#This Row],[Stage]]) -> 3797.4815 | J15: =AVERAGEIFS(DropAnalityka[Energy Drop],DropAnalityka[Location],LocFeatures[[#This Row],[Location]],DropAnalityka[LVL],LocFeatures[[#This Row],[LVL]],DropAnalityka[Stage],LocFeatures[[#This Row],[Stage]]) -> 0.62962963 | K15: =5*LocFeatures[[#This Row],[XP Gain per member]] -> 3210 | L15: =3*LocFeatures[[#This Row],[XP Gain per member]] -> 1926 | M15: =AVERAGEIFS(DropAnalityka[Exp Gain],DropAnalityka[Location],LocFeatures[[#This Row],[Location]],DropAnalityka[LVL],LocFeatures[[#This Row],[LVL]],DropAnalityka[Stage],LocFeatures[[#This Row],[Stage]]) -> 2772 | N15: =LocFeatures[[#This Row],[Drop worth gain]]/(LocFeatures[[#This Row],[E. Cost]]-LocFeatures[[#This Row],[Energy gain]]) -> 596.11628 | O15: =LocFeatures[[#This Row],[XP Train Gain]]/(LocFeatures[[#This Row],[E. Cost]]-LocFeatures[[#This Row],[Energy gain]]) -> 302.33721 | P15: =(LocFeatures[[#This Row],[XP Train Gain]]+LocFeatures[[#This Row],[XP drop]])/(LocFeatures[[#This Row],[E. Cost]]-LocFeatures[[#This Row],[Energy gain]]) -> 737.47674 | Q15: =COUNTIFS(DropAnalityka[Location],LocFeatures[[#This Row],[Location]],DropAnalityka[LVL],LocFeatures[[#This Row],[LVL]],DropAnalityka[Stage],LocFeatures[[#This Row],[Stage]]) -> 27 | R15: =((AVERAGEIFS(DropAnalityka[Mana drop],DropAnalityka[Location],LocFeatures[[#This Row],[Location]],DropAnalityka[LVL],LocFeatures[[#This Row],[LVL]],DropAnalityka[Stage],LocFeatures[[#This Row],[Stage]])+AVERAGEIFS(DropAnalityka[Sell Drop],DropAnalityka[Location],LocFeatures[[#This Row],[Location]],DropAnalityka[LVL],LocFeatures[[#This Row],[LVL]],DropAnalityka[Stage],LocFeatures[[#This Row],[Stage]]))/(LocFeatures[[#This Row],[E. Cost]]-LocFeatures[[#This Row],[Energy gain]]))*3.4+LocFeatures[[#This Row],[XP train/energy]] -> 1716.3419
A16: HoMagic | B16: Normal | C16: 4 | D16: 5 | E16: 439 | F16: 10 | I16: =AVERAGEIFS(DropAnalityka[Mana drop],DropAnalityka[Location],LocFeatures[[#This Row],[Location]],DropAnalityka[LVL],LocFeatures[[#This Row],[LVL]],DropAnalityka[Stage],LocFeatures[[#This Row],[Stage]])+AVERAGEIFS(DropAnalityka[Drop Worth],DropAnalityka[Location],LocFeatures[[#This Row],[Location]],DropAnalityka[LVL],LocFeatures[[#This Row],[LVL]],DropAnalityka[Stage],LocFeatures[[#This Row],[Stage]])+AVERAGEIFS(DropAnalityka[Fod Worth],DropAnalityka[Location],LocFeatures[[#This Row],[Location]],DropAnalityka[LVL],LocFeatures[[#This Row],[LVL]],DropAnalityka[Stage],LocFeatures[[#This Row],[Stage]]) -> 4124.8571 | J16: =AVERAGEIFS(DropAnalityka[Energy Drop],DropAnalityka[Location],LocFeatures[[#This Row],[Location]],DropAnalityka[LVL],LocFeatures[[#This Row],[LVL]],DropAnalityka[Stage],LocFeatures[[#This Row],[Stage]]) -> 0.71428571 | K16: =5*LocFeatures[[#This Row],[XP Gain per member]] -> 2195 | L16: =3*LocFeatures[[#This Row],[XP Gain per member]] -> 1317 | M16: =AVERAGEIFS(DropAnalityka[Exp Gain],DropAnalityka[Location],LocFeatures[[#This Row],[Location]],DropAnalityka[LVL],LocFeatures[[#This Row],[LVL]],DropAnalityka[Stage],LocFeatures[[#This Row],[Stage]]) -> 1142.8571 | N16: =LocFeatures[[#This Row],[Drop worth gain]]/(LocFeatures[[#This Row],[E. Cost]]-LocFeatures[[#This Row],[Energy gain]]) -> 962.46667 | O16: =LocFeatures[[#This Row],[XP Train Gain]]/(LocFeatures[[#This Row],[E. Cost]]-LocFeatures[[#This Row],[Energy gain]]) -> 307.3 | P16: =(LocFeatures[[#This Row],[XP Train Gain]]+LocFeatures[[#This Row],[XP drop]])/(LocFeatures[[#This Row],[E. Cost]]-LocFeatures[[#This Row],[Energy gain]]) -> 573.96667 | Q16: =COUNTIFS(DropAnalityka[Location],LocFeatures[[#This Row],[Location]],DropAnalityka[LVL],LocFeatures[[#This Row],[LVL]],DropAnalityka[Stage],LocFeatures[[#This Row],[Stage]]) -> 7 | R16: =((AVERAGEIFS(DropAnalityka[Mana drop],DropAnalityka[Location],LocFeatures[[#This Row],[Location]],DropAnalityka[LVL],LocFeatures[[#This Row],[LVL]],DropAnalityka[Stage],LocFeatures[[#This Row],[Stage]])+AVERAGEIFS(DropAnalityka[Sell Drop],DropAnalityka[Location],LocFeatures[[#This Row],[Location]],DropAnalityka[LVL],LocFeatures[[#This Row],[LVL]],DropAnalityka[Stage],LocFeatures[[#This Row],[Stage]]))/(LocFeatures[[#This Row],[E. Cost]]-LocFeatures[[#This Row],[Energy gain]]))*3.4+LocFeatures[[#This Row],[XP train/energy]] -> 1313.02
A17: HoMagic | B17: Normal | C17: 5 | D17: 6 | E17: 642 | F17: 12 | G17: Fire | H17: Y - fast | I17: =AVERAGEIFS(DropAnalityka[Mana drop],DropAnalityka[Location],LocFeatures[[#This Row],[Location]],DropAnalityka[LVL],LocFeatures[[#This Row],[LVL]],DropAnalityka[Stage],LocFeatures[[#This Row],[Stage]])+AVERAGEIFS(DropAnalityka[Drop Worth],DropAnalityka[Location],LocFeatures[[#This Row],[Location]],DropAnalityka[LVL],LocFeatures[[#This Row],[LVL]],DropAnalityka[Stage],LocFeatures[[#This Row],[Stage]])+AVERAGEIFS(DropAnalityka[Fod Worth],DropAnalityka[Location],LocFeatures[[#This Row],[Location]],DropAnalityka[LVL],LocFeatures[[#This Row],[LVL]],DropAnalityka[Stage],LocFeatures[[#This Row],[Stage]]) -> 1404 | J17: =AVERAGEIFS(DropAnalityka[Energy Drop],DropAnalityka[Location],LocFeatures[[#This Row],[Location]],DropAnalityka[LVL],LocFeatures[[#This Row],[LVL]],DropAnalityka[Stage],LocFeatures[[#This Row],[Stage]]) -> 0.66666667 | K17: =5*LocFeatures[[#This Row],[XP Gain per member]] -> 3210 | L17: =3*LocFeatures[[#This Row],[XP Gain per member]] -> 1926 | M17: =AVERAGEIFS(DropAnalityka[Exp Gain],DropAnalityka[Location],LocFeatures[[#This Row],[Location]],DropAnalityka[LVL],LocFeatures[[#This Row],[LVL]],DropAnalityka[Stage],LocFeatures[[#This Row],[Stage]]) -> 0 | N17: =LocFeatures[[#This Row],[Drop worth gain]]/(LocFeatures[[#This Row],[E. Cost]]-LocFeatures[[#This Row],[Energy gain]]) -> 263.25 | O17: =LocFeatures[[#This Row],[XP Train Gain]]/(LocFeatures[[#This Row],[E. Cost]]-LocFeatures[[#This Row],[Energy gain]]) -> 361.125 | P17: =(LocFeatures[[#This Row],[XP Train Gain]]+LocFeatures[[#This Row],[XP drop]])/(LocFeatures[[#This Row],[E. Cost]]-LocFeatures[[#This Row],[Energy gain]]) -> 361.125 | Q17: =COUNTIFS(DropAnalityka[Location],LocFeatures[[#This Row],[Location]],DropAnalityka[LVL],LocFeatures[[#This Row],[LVL]],DropAnalityka[Stage],LocFeatures[[#This Row],[Stage]]) -> 3 | R17: =((AVERAGEIFS(DropAnalityka[Mana drop],DropAnalityka[Location],LocFeatures[[#This Row],[Location]],DropAnalityka[LVL],LocFeatures[[#This Row],[LVL]],DropAnalityka[Stage],LocFeatures[[#This Row],[Stage]])+AVERAGEIFS(DropAnalityka[Sell Drop],DropAnalityka[Location],LocFeatures[[#This Row],[Location]],DropAnalityka[LVL],LocFeatures[[#This Row],[LVL]],DropAnalityka[Stage],LocFeatures[[#This Row],[Stage]]))/(LocFeatures[[#This Row],[E. Cost]]-LocFeatures[[#This Row],[Energy gain]]))*3.4+LocFeatures[[#This Row],[XP train/energy]] -> 1256.175
A18: HoMagic | B18: Normal | C18: 7 | D18: 6 | E18: 616 | I18: =AVERAGEIFS(DropAnalityka[Mana drop],DropAnalityka[Location],LocFeatures[[#This Row],[Location]],DropAnalityka[LVL],LocFeatures[[#This Row],[LVL]],DropAnalityka[Stage],LocFeatures[[#This Row],[Stage]])+AVERAGEIFS(DropAnalityka[Drop Worth],DropAnalityka[Location],LocFeatures[[#This Row],[Location]],DropAnalityka[LVL],LocFeatures[[#This Row],[LVL]],DropAnalityka[Stage],LocFeatures[[#This Row],[Stage]])+AVERAGEIFS(DropAnalityka[Fod Worth],DropAnalityka[Location],LocFeatures[[#This Row],[Location]],DropAnalityka[LVL],LocFeatures[[#This Row],[LVL]],DropAnalityka[Stage],LocFeatures[[#This Row],[Stage]]) -> 3279.629 | J18: =AVERAGEIFS(DropAnalityka[Energy Drop],DropAnalityka[Location],LocFeatures[[#This Row],[Location]],DropAnalityka[LVL],LocFeatures[[#This Row],[LVL]],DropAnalityka[Stage],LocFeatures[[#This Row],[Stage]]) -> 0.58064516 | K18: =5*LocFeatures[[#This Row],[XP Gain per member]] -> 3080 | L18: =3*LocFeatures[[#This Row],[XP Gain per member]] -> 1848 | M18: =AVERAGEIFS(DropAnalityka[Exp Gain],DropAnalityka[Location],LocFeatures[[#This Row],[Location]],DropAnalityka[LVL],LocFeatures[[#This Row],[LVL]],DropAnalityka[Stage],LocFeatures[[#This Row],[Stage]]) -> 887.45161 | N18: =LocFeatures[[#This Row],[Drop worth gain]]/(LocFeatures[[#This Row],[E. Cost]]-LocFeatures[[#This Row],[Energy gain]]) -> 605.16964 | O18: =LocFeatures[[#This Row],[XP Train Gain]]/(LocFeatures[[#This Row],[E. Cost]]-LocFeatures[[#This Row],[Energy gain]]) -> 341 | P18: =(LocFeatures[[#This Row],[XP Train Gain]]+LocFeatures[[#This Row],[XP drop]])/(LocFeatures[[#This Row],[E. Cost]]-LocFeatures[[#This Row],[Energy gain]]) -> 504.75595 | Q18: =COUNTIFS(DropAnalityka[Location],LocFeatures[[#This Row],[Location]],DropAnalityka[LVL],LocFeatures[[#This Row],[LVL]],DropAnalityka[Stage],LocFeatures[[#This Row],[Stage]]) -> 62 | R18: =((AVERAGEIFS(DropAnalityka[Mana drop],DropAnalityka[Location],LocFeatures[[#This Row],[Location]],DropAnalityka[LVL],LocFeatures[[#This Row],[LVL]],DropAnalityka[Stage],LocFeatures[[#This Row],[Stage]])+AVERAGEIFS(DropAnalityka[Sell Drop],DropAnalityka[Location],LocFeatures[[#This Row],[Location]],DropAnalityka[LVL],LocFeatures[[#This Row],[LVL]],DropAnalityka[Stage],LocFeatures[[#This Row],[Stage]]))/(LocFeatures[[#This Row],[E. Cost]]-LocFeatures[[#This Row],[Energy gain]]))*3.4+LocFeatures[[#This Row],[XP train/energy]] -> 1796.4935
A19: HoMagic | B19: Normal | C19: 9 | D19: 7 | I19: =AVERAGEIFS(DropAnalityka[Mana drop],DropAnalityka[Location],LocFeatures[[#This Row],[Location]],DropAnalityka[LVL],LocFeatures[[#This Row],[LVL]],DropAnalityka[Stage],LocFeatures[[#This Row],[Stage]])+AVERAGEIFS(DropAnalityka[Drop Worth],DropAnalityka[Location],LocFeatures[[#This Row],[Location]],DropAnalityka[LVL],LocFeatures[[#This Row],[LVL]],DropAnalityka[Stage],LocFeatures[[#This Row],[Stage]])+AVERAGEIFS(DropAnalityka[Fod Worth],DropAnalityka[Location],LocFeatures[[#This Row],[Location]],DropAnalityka[LVL],LocFeatures[[#This Row],[LVL]],DropAnalityka[Stage],LocFeatures[[#This Row],[Stage]]) -> 3863.72 | J19: =AVERAGEIFS(DropAnalityka[Energy Drop],DropAnalityka[Location],LocFeatures[[#This Row],[Location]],DropAnalityka[LVL],LocFeatures[[#This Row],[LVL]],DropAnalityka[Stage],LocFeatures[[#This Row],[Stage]]) -> 0.92 | K19: =4*LocFeatures[[#This Row],[XP Gain per member]] -> 0 | L19: =3*LocFeatures[[#This Row],[XP Gain per member]] -> 0 | M19: =AVERAGEIFS(DropAnalityka[Exp Gain],DropAnalityka[Location],LocFeatures[[#This Row],[Location]],DropAnalityka[LVL],LocFeatures[[#This Row],[LVL]],DropAnalityka[Stage],LocFeatures[[#This Row],[Stage]]) -> 2993.76 | N19: =LocFeatures[[#This Row],[Drop worth gain]]/(LocFeatures[[#This Row],[E. Cost]]-LocFeatures[[#This Row],[Energy gain]]) -> 635.48026 | O19: =LocFeatures[[#This Row],[XP Train Gain]]/(LocFeatures[[#This Row],[E. Cost]]-LocFeatures[[#This Row],[Energy gain]]) -> 0 | P19: =(LocFeatures[[#This Row],[XP Train Gain]]+LocFeatures[[#This Row],[XP drop]])/(LocFeatures[[#This Row],[E. Cost]]-LocFeatures[[#This Row],[Energy gain]]) -> 492.39474 | Q19: =COUNTIFS(DropAnalityka[Location],LocFeatures[[#This Row],[Location]],DropAnalityka[LVL],LocFeatures[[#This Row],[LVL]],DropAnalityka[Stage],LocFeatures[[#This Row],[Stage]]) -> 25 | R19: =((AVERAGEIFS(DropAnalityka[Mana drop],DropAnalityka[Location],LocFeatures[[#This Row],[Location]],DropAnalityka[LVL],LocFeatures[[#This Row],[LVL]],DropAnalityka[Stage],LocFeatures[[#This Row],[Stage]])+AVERAGEIFS(DropAnalityka[Sell Drop],DropAnalityka[Location],LocFeatures[[#This Row],[Location]],DropAnalityka[LVL],LocFeatures[[#This Row],[LVL]],DropAnalityka[Stage],LocFeatures[[#This Row],[Stage]]))/(LocFeatures[[#This Row],[E. Cost]]-LocFeatures[[#This Row],[Energy gain]]))*3.4+LocFeatures[[#This Row],[XP train/energy]] -> 1467.2118
A20: HoWater | B20: Normal | C20: 8 | D20: 7 | E20: 642 | F20: 12 | G20: Fire | H20: Y - fast | I20: =AVERAGEIFS(DropAnalityka[Mana drop],DropAnalityka[Location],LocFeatures[[#This Row],[Location]],DropAnalityka[LVL],LocFeatures[[#This Row],[LVL]],DropAnalityka[Stage],LocFeatures[[#This Row],[Stage]])+AVERAGEIFS(DropAnalityka[Drop Worth],DropAnalityka[Location],LocFeatures[[#This Row],[Location]],DropAnalityka[LVL],LocFeatures[[#This Row],[LVL]],DropAnalityka[Stage],LocFeatures[[#This Row],[Stage]])+AVERAGEIFS(DropAnalityka[Fod Worth],DropAnalityka[Location],LocFeatures[[#This Row],[Location]],DropAnalityka[LVL],LocFeatures[[#This Row],[LVL]],DropAnalityka[Stage],LocFeatures[[#This Row],[Stage]]) -> 4671.7241 | J20: =AVERAGEIFS(DropAnalityka[Energy Drop],DropAnalityka[Location],LocFeatures[[#This Row],[Location]],DropAnalityka[LVL],LocFeatures[[#This Row],[LVL]],DropAnalityka[Stage],LocFeatures[[#This Row],[Stage]]) -> 1 | K20: =5*LocFeatures[[#This Row],[XP Gain per member]] -> 3210 | L20: =3*LocFeatures[[#This Row],[XP Gain per member]] -> 1926 | M20: =AVERAGEIFS(DropAnalityka[Exp Gain],DropAnalityka[Location],LocFeatures[[#This Row],[Location]],DropAnalityka[LVL],LocFeatures[[#This Row],[LVL]],DropAnalityka[Stage],LocFeatures[[#This Row],[Stage]]) -> 910.34483 | N20: =LocFeatures[[#This Row],[Drop worth gain]]/(LocFeatures[[#This Row],[E. Cost]]-LocFeatures[[#This Row],[Energy gain]]) -> 778.62069 | O20: =LocFeatures[[#This Row],[XP Train Gain]]/(LocFeatures[[#This Row],[E. Cost]]-LocFeatures[[#This Row],[Energy gain]]) -> 321 | P20: =(LocFeatures[[#This Row],[XP Train Gain]]+LocFeatures[[#This Row],[XP drop]])/(LocFeatures[[#This Row],[E. Cost]]-LocFeatures[[#This Row],[Energy gain]]) -> 472.72414 | Q20: =COUNTIFS(DropAnalityka[Location],LocFeatures[[#This Row],[Location]],DropAnalityka[LVL],LocFeatures[[#This Row],[LVL]],DropAnalityka[Stage],LocFeatures[[#This Row],[Stage]]) -> 29 | R20: =((AVERAGEIFS(DropAnalityka[Mana drop],DropAnalityka[Location],LocFeatures[[#This Row],[Location]],DropAnalityka[LVL],LocFeatures[[#This Row],[LVL]],DropAnalityka[Stage],LocFeatures[[#This Row],[Stage]])+AVERAGEIFS(DropAnalityka[Sell Drop],DropAnalityka[Location],LocFeatures[[#This Row],[Location]],DropAnalityka[LVL],LocFeatures[[#This Row],[LVL]],DropAnalityka[Stage],LocFeatures[[#This Row],[Stage]]))/(LocFeatures[[#This Row],[E. Cost]]-LocFeatures[[#This Row],[Energy gain]]))*3.4+LocFeatures[[#This Row],[XP train/energy]] -> 1678.6552
A21: HoWater | B21: Normal | C21: 9 | D21: 7 | E21: 642 | F21: 12 | G21: Fire | H21: Y - fast | I21: =AVERAGEIFS(DropAnalityka[Mana drop],DropAnalityka[Location],LocFeatures[[#This Row],[Location]],DropAnalityka[LVL],LocFeatures[[#This Row],[LVL]],DropAnalityka[Stage],LocFeatures[[#This Row],[Stage]])+AVERAGEIFS(DropAnalityka[Drop Worth],DropAnalityka[Location],LocFeatures[[#This Row],[Location]],DropAnalityka[LVL],LocFeatures[[#This Row],[LVL]],DropAnalityka[Stage],LocFeatures[[#This Row],[Stage]])+AVERAGEIFS(DropAnalityka[Fod Worth],DropAnalityka[Location],LocFeatures[[#This Row],[Location]],DropAnalityka[LVL],LocFeatures[[#This Row],[LVL]],DropAnalityka[Stage],LocFeatures[[#This Row],[Stage]]) -> 5741.4851 | J21: =AVERAGEIFS(DropAnalityka[Energy Drop],DropAnalityka[Location],LocFeatures[[#This Row],[Location]],DropAnalityka[LVL],LocFeatures[[#This Row],[LVL]],DropAnalityka[Stage],LocFeatures[[#This Row],[Stage]]) -> 0.7761194 | K21: =5*LocFeatures[[#This Row],[XP Gain per member]] -> 3210 | L21: =3*LocFeatures[[#This Row],[XP Gain per member]] -> 1926 | M21: =AVERAGEIFS(DropAnalityka[Exp Gain],DropAnalityka[Location],LocFeatures[[#This Row],[Location]],DropAnalityka[LVL],LocFeatures[[#This Row],[LVL]],DropAnalityka[Stage],LocFeatures[[#This Row],[Stage]]) -> 2491.2336 | N21: =LocFeatures[[#This Row],[Drop worth gain]]/(LocFeatures[[#This Row],[E. Cost]]-LocFeatures[[#This Row],[Energy gain]]) -> 922.49281 | O21: =LocFeatures[[#This Row],[XP Train Gain]]/(LocFeatures[[#This Row],[E. Cost]]-LocFeatures[[#This Row],[Energy gain]]) -> 309.45324 | P21: =(LocFeatures[[#This Row],[XP Train Gain]]+LocFeatures[[#This Row],[XP drop]])/(LocFeatures[[#This Row],[E. Cost]]-LocFeatures[[#This Row],[Energy gain]]) -> 709.72338 | Q21: =COUNTIFS(DropAnalityka[Location],LocFeatures[[#This Row],[Location]],DropAnalityka[LVL],LocFeatures[[#This Row],[LVL]],DropAnalityka[Stage],LocFeatures[[#This Row],[Stage]]) -> 67 | R21: =((AVERAGEIFS(DropAnalityka[Mana drop],DropAnalityka[Location],LocFeatures[[#This Row],[Location]],DropAnalityka[LVL],LocFeatures[[#This Row],[LVL]],DropAnalityka[Stage],LocFeatures[[#This Row],[Stage]])+AVERAGEIFS(DropAnalityka[Sell Drop],DropAnalityka[Location],LocFeatures[[#This Row],[Location]],DropAnalityka[LVL],LocFeatures[[#This Row],[LVL]],DropAnalityka[Stage],LocFeatures[[#This Row],[Stage]]))/(LocFeatures[[#This Row],[E. Cost]]-LocFeatures[[#This Row],[Energy gain]]))*3.4+LocFeatures[[#This Row],[XP train/energy]] -> 1859.364
A22: HoWind | B22: Normal | C22: 9 | D22: 6 | E22: 642 | F22: 12 | G22: Fire | H22: Y - fast | I22: =AVERAGEIFS(DropAnalityka[Mana drop],DropAnalityka[Location],LocFeatures[[#This Row],[Location]],DropAnalityka[LVL],LocFeatures[[#This Row],[LVL]],DropAnalityka[Stage],LocFeatures[[#This Row],[Stage]])+AVERAGEIFS(DropAnalityka[Drop Worth],DropAnalityka[Location],LocFeatures[[#This Row],[Location]],DropAnalityka[LVL],LocFeatures[[#This Row],[LVL]],DropAnalityka[Stage],LocFeatures[[#This Row],[Stage]])+AVERAGEIFS(DropAnalityka[Fod Worth],DropAnalityka[Location],LocFeatures[[#This Row],[Location]],DropAnalityka[LVL],LocFeatures[[#This Row],[LVL]],DropAnalityka[Stage],LocFeatures[[#This Row],[Stage]]) -> 6265.0704 | J22: =AVERAGEIFS(DropAnalityka[Energy Drop],DropAnalityka[Location],LocFeatures[[#This Row],[Location]],DropAnalityka[LVL],LocFeatures[[#This Row],[LVL]],DropAnalityka[Stage],LocFeatures[[#This Row],[Stage]]) -> 0.74647887 | K22: =5*LocFeatures[[#This Row],[XP Gain per member]] -> 3210 | L22: =3*LocFeatures[[#This Row],[XP Gain per member]] -> 1926 | M22: =AVERAGEIFS(DropAnalityka[Exp Gain],DropAnalityka[Location],LocFeatures[[#This Row],[Location]],DropAnalityka[LVL],LocFeatures[[#This Row],[LVL]],DropAnalityka[Stage],LocFeatures[[#This Row],[Stage]]) -> 5087.493 | N22: =LocFeatures[[#This Row],[Drop worth gain]]/(LocFeatures[[#This Row],[E. Cost]]-LocFeatures[[#This Row],[Energy gain]]) -> 1192.5469 | O22: =LocFeatures[[#This Row],[XP Train Gain]]/(LocFeatures[[#This Row],[E. Cost]]-LocFeatures[[#This Row],[Energy gain]]) -> 366.61126 | P22: =(LocFeatures[[#This Row],[XP Train Gain]]+LocFeatures[[#This Row],[XP drop]])/(LocFeatures[[#This Row],[E. Cost]]-LocFeatures[[#This Row],[Energy gain]]) -> 1335.008 | Q22: =COUNTIFS(DropAnalityka[Location],LocFeatures[[#This Row],[Location]],DropAnalityka[LVL],LocFeatures[[#This Row],[LVL]],DropAnalityka[Stage],LocFeatures[[#This Row],[Stage]]) -> 71 | R22: =((AVERAGEIFS(DropAnalityka[Mana drop],DropAnalityka[Location],LocFeatures[[#This Row],[Location]],DropAnalityka[LVL],LocFeatures[[#This Row],[LVL]],DropAnalityka[Stage],LocFeatures[[#This Row],[Stage]])+AVERAGEIFS(DropAnalityka[Sell Drop],DropAnalityka[Location],LocFeatures[[#This Row],[Location]],DropAnalityka[LVL],LocFeatures[[#This Row],[LVL]],DropAnalityka[Stage],LocFeatures[[#This Row],[Stage]]))/(LocFeatures[[#This Row],[E. Cost]]-LocFeatures[[#This Row],[Energy gain]]))*3.4+LocFeatures[[#This Row],[XP train/energy]] -> 2219.9303
A23: Hydeni | B23: Hell | C23: 5 | D23: 5 | E23: 1890 | F23: 12 | G23: Fire | H23: Y - fast | I23: =AVERAGEIFS(DropAnalityka[Mana drop],DropAnalityka[Location],LocFeatures[[#This Row],[Location]],DropAnalityka[LVL],LocFeatures[[#This Row],[LVL]],DropAnalityka[Stage],LocFeatures[[#This Row],[Stage]])+AVERAGEIFS(DropAnalityka[Drop Worth],DropAnalityka[Location],LocFeatures[[#This Row],[Location]],DropAnalityka[LVL],LocFeatures[[#This Row],[LVL]],DropAnalityka[Stage],LocFeatures[[#This Row],[Stage]])+AVERAGEIFS(DropAnalityka[Fod Worth],DropAnalityka[Location],LocFeatures[[#This Row],[Location]],DropAnalityka[LVL],LocFeatures[[#This Row],[LVL]],DropAnalityka[Stage],LocFeatures[[#This Row],[Stage]]) -> 3027.6667 | J23: =AVERAGEIFS(DropAnalityka[Energy Drop],DropAnalityka[Location],LocFeatures[[#This Row],[Location]],DropAnalityka[LVL],LocFeatures[[#This Row],[LVL]],DropAnalityka[Stage],LocFeatures[[#This Row],[Stage]]) -> 0.88888889 | K23: =4*LocFeatures[[#This Row],[XP Gain per member]] -> 7560 | L23: =3*LocFeatures[[#This Row],[XP Gain per member]] -> 5670 | M23: =AVERAGEIFS(DropAnalityka[Exp Gain],DropAnalityka[Location],LocFeatures[[#This Row],[Location]],DropAnalityka[LVL],LocFeatures[[#This Row],[LVL]],DropAnalityka[Stage],LocFeatures[[#This Row],[Stage]]) -> 0 | N23: =LocFeatures[[#This Row],[Drop worth gain]]/(LocFeatures[[#This Row],[E. Cost]]-LocFeatures[[#This Row],[Energy gain]]) -> 736.45946 | O23: =LocFeatures[[#This Row],[XP Train Gain]]/(LocFeatures[[#This Row],[E. Cost]]-LocFeatures[[#This Row],[Energy gain]]) -> 1379.1892 | P23: =(LocFeatures[[#This Row],[XP Train Gain]]+LocFeatures[[#This Row],[XP drop]])/(LocFeatures[[#This Row],[E. Cost]]-LocFeatures[[#This Row],[Energy gain]]) -> 1379.1892 | Q23: =COUNTIFS(DropAnalityka[Location],LocFeatures[[#This Row],[Location]],DropAnalityka[LVL],LocFeatures[[#This Row],[LVL]],DropAnalityka[Stage],LocFeatures[[#This Row],[Stage]]) -> 27 | R23: =((AVERAGEIFS(DropAnalityka[Mana drop],DropAnalityka[Location],LocFeatures[[#This Row],[Location]],DropAnalityka[LVL],LocFeatures[[#This Row],[LVL]],DropAnalityka[Stage],LocFeatures[[#This Row],[Stage]])+AVERAGEIFS(DropAnalityka[Sell Drop],DropAnalityka[Location],LocFeatures[[#This Row],[Location]],DropAnalityka[LVL],LocFeatures[[#This Row],[LVL]],DropAnalityka[Stage],LocFeatures[[#This Row],[Stage]]))/(LocFeatures[[#This Row],[E. Cost]]-LocFeatures[[#This Row],[Energy gain]]))*3.4+LocFeatures[[#This Row],[XP train/energy]] -> 3883.1514
A24: Mt White | B24: Hell | C24: 2 | D24: 5 | E24: 1500 | F24: 10 | I24: =AVERAGEIFS(DropAnalityka[Mana drop],DropAnalityka[Location],LocFeatures[[#This Row],[Location]],DropAnalityka[LVL],LocFeatures[[#This Row],[LVL]],DropAnalityka[Stage],LocFeatures[[#This Row],[Stage]])+AVERAGEIFS(DropAnalityka[Drop Worth],DropAnalityka[Location],LocFeatures[[#This Row],[Location]],DropAnalityka[LVL],LocFeatures[[#This Row],[LVL]],DropAnalityka[Stage],LocFeatures[[#This Row],[Stage]])+AVERAGEIFS(DropAnalityka[Fod Worth],DropAnalityka[Location],LocFeatures[[#This Row],[Location]],DropAnalityka[LVL],LocFeatures[[#This Row],[LVL]],DropAnalityka[Stage],LocFeatures[[#This Row],[Stage]]) -> 12692 | J24: =AVERAGEIFS(DropAnalityka[Energy Drop],DropAnalityka[Location],LocFeatures[[#This Row],[Location]],DropAnalityka[LVL],LocFeatures[[#This Row],[LVL]],DropAnalityka[Stage],LocFeatures[[#This Row],[Stage]]) -> 1 | K24: =4*LocFeatures[[#This Row],[XP Gain per member]] -> 6000 | L24: =3*LocFeatures[[#This Row],[XP Gain per member]] -> 4500 | M24: =AVERAGEIFS(DropAnalityka[Exp Gain],DropAnalityka[Location],LocFeatures[[#This Row],[Location]],DropAnalityka[LVL],LocFeatures[[#This Row],[LVL]],DropAnalityka[Stage],LocFeatures[[#This Row],[Stage]]) -> 35822 | N24: =LocFeatures[[#This Row],[Drop worth gain]]/(LocFeatures[[#This Row],[E. Cost]]-LocFeatures[[#This Row],[Energy gain]]) -> 3173 | O24: =LocFeatures[[#This Row],[XP Train Gain]]/(LocFeatures[[#This Row],[E. Cost]]-LocFeatures[[#This Row],[Energy gain]]) -> 1125 | P24: =(LocFeatures[[#This Row],[XP Train Gain]]+LocFeatures[[#This Row],[XP drop]])/(LocFeatures[[#This Row],[E. Cost]]-LocFeatures[[#This Row],[Energy gain]]) -> 10080.5 | Q24: =COUNTIFS(DropAnalityka[Location],LocFeatures[[#This Row],[Location]],DropAnalityka[LVL],LocFeatures[[#This Row],[LVL]],DropAnalityka[Stage],LocFeatures[[#This Row],[Stage]]) -> 1 | R24: =((AVERAGEIFS(DropAnalityka[Mana drop],DropAnalityka[Location],LocFeatures[[#This Row],[Location]],DropAnalityka[LVL],LocFeatures[[#This Row],[LVL]],DropAnalityka[Stage],LocFeatures[[#This Row],[Stage]])+AVERAGEIFS(DropAnalityka[Sell Drop],DropAnalityka[Location],LocFeatures[[#This Row],[Location]],DropAnalityka[LVL],LocFeatures[[#This Row],[LVL]],DropAnalityka[Stage],LocFeatures[[#This Row],[Stage]]))/(LocFeatures[[#This Row],[E. Cost]]-LocFeatures[[#This Row],[Energy gain]]))*3.4+LocFeatures[[#This Row],[XP train/energy]] -> 2138.2
A25: SD | B25: Normal | C25: 3* | D25: 5 | E25: 0 | F25: 12 | G25: Fire | H25: Y - fast | I25: =AVERAGEIFS(DropAnalityka[Mana drop],DropAnalityka[Location],LocFeatures[[#This Row],[Location]],DropAnalityka[LVL],LocFeatures[[#This Row],[LVL]],DropAnalityka[Stage],LocFeatures[[#This Row],[Stage]])+AVERAGEIFS(DropAnalityka[Drop Worth],DropAnalityka[Location],LocFeatures[[#This Row],[Location]],DropAnalityka[LVL],LocFeatures[[#This Row],[LVL]],DropAnalityka[Stage],LocFeatures[[#This Row],[Stage]])+AVERAGEIFS(DropAnalityka[Fod Worth],DropAnalityka[Location],LocFeatures[[#This Row],[Location]],DropAnalityka[LVL],LocFeatures[[#This Row],[LVL]],DropAnalityka[Stage],LocFeatures[[#This Row],[Stage]]) -> 9234.5 | J25: =AVERAGEIFS(DropAnalityka[Energy Drop],DropAnalityka[Location],LocFeatures[[#This Row],[Location]],DropAnalityka[LVL],LocFeatures[[#This Row],[LVL]],DropAnalityka[Stage],LocFeatures[[#This Row],[Stage]]) -> 0 | K25: =4*LocFeatures[[#This Row],[XP Gain per member]] -> 0 | L25: =3*LocFeatures[[#This Row],[XP Gain per member]] -> 0 | M25: =AVERAGEIFS(DropAnalityka[Exp Gain],DropAnalityka[Location],LocFeatures[[#This Row],[Location]],DropAnalityka[LVL],LocFeatures[[#This Row],[LVL]],DropAnalityka[Stage],LocFeatures[[#This Row],[Stage]]) -> 3582.2 | N25: =LocFeatures[[#This Row],[Drop worth gain]]/(LocFeatures[[#This Row],[E. Cost]]-LocFeatures[[#This Row],[Energy gain]]) -> 1846.9 | O25: =LocFeatures[[#This Row],[XP Train Gain]]/(LocFeatures[[#This Row],[E. Cost]]-LocFeatures[[#This Row],[Energy gain]]) -> 0 | P25: =(LocFeatures[[#This Row],[XP Train Gain]]+LocFeatures[[#This Row],[XP drop]])/(LocFeatures[[#This Row],[E. Cost]]-LocFeatures[[#This Row],[Energy gain]]) -> 716.44 | Q25: =COUNTIFS(DropAnalityka[Location],LocFeatures[[#This Row],[Location]],DropAnalityka[LVL],LocFeatures[[#This Row],[LVL]],DropAnalityka[Stage],LocFeatures[[#This Row],[Stage]]) -> 8 | R25: =((AVERAGEIFS(DropAnalityka[Mana drop],DropAnalityka[Location],LocFeatures[[#This Row],[Location]],DropAnalityka[LVL],LocFeatures[[#This Row],[LVL]],DropAnalityka[Stage],LocFeatures[[#This Row],[Stage]])+AVERAGEIFS(DropAnalityka[Sell Drop],DropAnalityka[Location],LocFeatures[[#This Row],[Location]],DropAnalityka[LVL],LocFeatures[[#This Row],[LVL]],DropAnalityka[Stage],LocFeatures[[#This Row],[Stage]]))/(LocFeatures[[#This Row],[E. Cost]]-LocFeatures[[#This Row],[Energy gain]]))*3.4+LocFeatures[[#This Row],[XP train/energy]] -> 3933.46
A26: Tamor Desert | B26: Hard | C26: 3 | D26: 4 | E26: 1098 | F26: 12 | G26: Fire | I26: =AVERAGEIFS(DropAnalityka[Mana drop],DropAnalityka[Location],LocFeatures[[#This Row],[Location]],DropAnalityka[LVL],LocFeatures[[#This Row],[LVL]],DropAnalityka[Stage],LocFeatures[[#This Row],[Stage]])+AVERAGEIFS(DropAnalityka[Drop Worth],DropAnalityka[Location],LocFeatures[[#This Row],[Location]],DropAnalityka[LVL],LocFeatures[[#This Row],[LVL]],DropAnalityka[Stage],LocFeatures[[#This Row],[Stage]])+AVERAGEIFS(DropAnalityka[Fod Worth],DropAnalityka[Location],LocFeatures[[#This Row],[Location]],DropAnalityka[LVL],LocFeatures[[#This Row],[LVL]],DropAnalityka[Stage],LocFeatures[[#This Row],[Stage]]) -> 4147.9811 | J26: =AVERAGEIFS(DropAnalityka[Energy Drop],DropAnalityka[Location],LocFeatures[[#This Row],[Location]],DropAnalityka[LVL],LocFeatures[[#This Row],[LVL]],DropAnalityka[Stage],LocFeatures[[#This Row],[Stage]]) -> 0.86792453 | K26: =4*LocFeatures[[#This Row],[XP Gain per member]] -> 4392 | L26: =3*LocFeatures[[#This Row],[XP Gain per member]] -> 3294 | M26: =AVERAGEIFS(DropAnalityka[Exp Gain],DropAnalityka[Location],LocFeatures[[#This Row],[Location]],DropAnalityka[LVL],LocFeatures[[#This Row],[LVL]],DropAnalityka[Stage],LocFeatures[[#This Row],[Stage]]) -> 1098.5283 | N26: =LocFeatures[[#This Row],[Drop worth gain]]/(LocFeatures[[#This Row],[E. Cost]]-LocFeatures[[#This Row],[Energy gain]]) -> 1324.3554 | O26: =LocFeatures[[#This Row],[XP Train Gain]]/(LocFeatures[[#This Row],[E. Cost]]-LocFeatures[[#This Row],[Energy gain]]) -> 1051.6988 | P26: =(LocFeatures[[#This Row],[XP Train Gain]]+LocFeatures[[#This Row],[XP drop]])/(LocFeatures[[#This Row],[E. Cost]]-LocFeatures[[#This Row],[Energy gain]]) -> 1402.4337 | Q26: =COUNTIFS(DropAnalityka[Location],LocFeatures[[#This Row],[Location]],DropAnalityka[LVL],LocFeatures[[#This Row],[LVL]],DropAnalityka[Stage],LocFeatures[[#This Row],[Stage]]) -> 53 | R26: =((AVERAGEIFS(DropAnalityka[Mana drop],DropAnalityka[Location],LocFeatures[[#This Row],[Location]],DropAnalityka[LVL],LocFeatures[[#This Row],[LVL]],DropAnalityka[Stage],LocFeatures[[#This Row],[Stage]])+AVERAGEIFS(DropAnalityka[Sell Drop],DropAnalityka[Location],LocFeatures[[#This Row],[Location]],DropAnalityka[LVL],LocFeatures[[#This Row],[LVL]],DropAnalityka[Stage],LocFeatures[[#This Row],[Stage]]))/(LocFeatures[[#This Row],[E. Cost]]-LocFeatures[[#This Row],[Energy gain]]))*3.4+LocFeatures[[#This Row],[XP train/energy]] -> 3242.0369
A27: Tamor Desert | B27: Hard | C27: 6 | D27: 5 | E27: 1116 | F27: 12 | I27: =AVERAGEIFS(DropAnalityka[Mana drop],DropAnalityka[Location],LocFeatures[[#This Row],[Location]],DropAnalityka[LVL],LocFeatures[[#This Row],[LVL]],DropAnalityka[Stage],LocFeatures[[#This Row],[Stage]])+AVERAGEIFS(DropAnalityka[Drop Worth],DropAnalityka[Location],LocFeatures[[#This Row],[Location]],DropAnalityka[LVL],LocFeatures[[#This Row],[LVL]],DropAnalityka[Stage],LocFeatures[[#This Row],[Stage]])+AVERAGEIFS(DropAnalityka[Fod Worth],DropAnalityka[Location],LocFeatures[[#This Row],[Location]],DropAnalityka[LVL],LocFeatures[[#This Row],[LVL]],DropAnalityka[Stage],LocFeatures[[#This Row],[Stage]]) -> 2652 | J27: =AVERAGEIFS(DropAnalityka[Energy Drop],DropAnalityka[Location],LocFeatures[[#This Row],[Location]],DropAnalityka[LVL],LocFeatures[[#This Row],[LVL]],DropAnalityka[Stage],LocFeatures[[#This Row],[Stage]]) -> 1 | K27: =4*LocFeatures[[#This Row],[XP Gain per member]] -> 4464 | L27: =3*LocFeatures[[#This Row],[XP Gain per member]] -> 3348 | M27: =AVERAGEIFS(DropAnalityka[Exp Gain],DropAnalityka[Location],LocFeatures[[#This Row],[Location]],DropAnalityka[LVL],LocFeatures[[#This Row],[LVL]],DropAnalityka[Stage],LocFeatures[[#This Row],[Stage]]) -> 0 | N27: =LocFeatures[[#This Row],[Drop worth gain]]/(LocFeatures[[#This Row],[E. Cost]]-LocFeatures[[#This Row],[Energy gain]]) -> 663 | O27: =LocFeatures[[#This Row],[XP Train Gain]]/(LocFeatures[[#This Row],[E. Cost]]-LocFeatures[[#This Row],[Energy gain]]) -> 837 | P27: =(LocFeatures[[#This Row],[XP Train Gain]]+LocFeatures[[#This Row],[XP drop]])/(LocFeatures[[#This Row],[E. Cost]]-LocFeatures[[#This Row],[Energy gain]]) -> 837 | Q27: =COUNTIFS(DropAnalityka[Location],LocFeatures[[#This Row],[Location]],DropAnalityka[LVL],LocFeatures[[#This Row],[LVL]],DropAnalityka[Stage],LocFeatures[[#This Row],[Stage]]) -> 1 | R27: =((AVERAGEIFS(DropAnalityka[Mana drop],DropAnalityka[Location],LocFeatures[[#This Row],[Location]],DropAnalityka[LVL],LocFeatures[[#This Row],[LVL]],DropAnalityka[Stage],LocFeatures[[#This Row],[Stage]])+AVERAGEIFS(DropAnalityka[Sell Drop],DropAnalityka[Location],LocFeatures[[#This Row],[Location]],DropAnalityka[LVL],LocFeatures[[#This Row],[LVL]],DropAnalityka[Stage],LocFeatures[[#This Row],[Stage]]))/(LocFeatures[[#This Row],[E. Cost]]-LocFeatures[[#This Row],[Energy gain]]))*3.4+LocFeatures[[#This Row],[XP train/energy]] -> 3091.2
A28: Tamor Desert | B28: Hell | C28: 3 | D28: 5 | E28: 1800 | F28: 12 | I28: =AVERAGEIFS(DropAnalityka[Mana drop],DropAnalityka[Location],LocFeatures[[#This Row],[Location]],DropAnalityka[LVL],LocFeatures[[#This Row],[LVL]],DropAnalityka[Stage],LocFeatures[[#This Row],[Stage]])+AVERAGEIFS(DropAnalityka[Drop Worth],DropAnalityka[Location],LocFeatures[[#This Row],[Location]],DropAnalityka[LVL],LocFeatures[[#This Row],[LVL]],DropAnalityka[Stage],LocFeatures[[#This Row],[Stage]])+AVERAGEIFS(DropAnalityka[Fod Worth],DropAnalityka[Location],LocFeatures[[#This Row],[Location]],DropAnalityka[LVL],LocFeatures[[#This Row],[LVL]],DropAnalityka[Stage],LocFeatures[[#This Row],[Stage]]) -> 4412.5321 | J28: =AVERAGEIFS(DropAnalityka[Energy Drop],DropAnalityka[Location],LocFeatures[[#This Row],[Location]],DropAnalityka[LVL],LocFeatures[[#This Row],[LVL]],DropAnalityka[Stage],LocFeatures[[#This Row],[Stage]]) -> 0.98076923 | K28: =4*LocFeatures[[#This Row],[XP Gain per member]] -> 7200 | L28: =3*LocFeatures[[#This Row],[XP Gain per member]] -> 5400 | M28: =AVERAGEIFS(DropAnalityka[Exp Gain],DropAnalityka[Location],LocFeatures[[#This Row],[Location]],DropAnalityka[LVL],LocFeatures[[#This Row],[LVL]],DropAnalityka[Stage],LocFeatures[[#This Row],[Stage]]) -> 1241.5897 | N28: =LocFeatures[[#This Row],[Drop worth gain]]/(LocFeatures[[#This Row],[E. Cost]]-LocFeatures[[#This Row],[Energy gain]]) -> 1097.8549 | O28: =LocFeatures[[#This Row],[XP Train Gain]]/(LocFeatures[[#This Row],[E. Cost]]-LocFeatures[[#This Row],[Energy gain]]) -> 1343.5407 | P28: =(LocFeatures[[#This Row],[XP Train Gain]]+LocFeatures[[#This Row],[XP drop]])/(LocFeatures[[#This Row],[E. Cost]]-LocFeatures[[#This Row],[Energy gain]]) -> 1652.453 | Q28: =COUNTIFS(DropAnalityka[Location],LocFeatures[[#This Row],[Location]],DropAnalityka[LVL],LocFeatures[[#This Row],[LVL]],DropAnalityka[Stage],LocFeatures[[#This Row],[Stage]]) -> 156 | R28: =((AVERAGEIFS(DropAnalityka[Mana drop],DropAnalityka[Location],LocFeatures[[#This Row],[Location]],DropAnalityka[LVL],LocFeatures[[#This Row],[LVL]],DropAnalityka[Stage],LocFeatures[[#This Row],[Stage]])+AVERAGEIFS(DropAnalityka[Sell Drop],DropAnalityka[Location],LocFeatures[[#This Row],[Location]],DropAnalityka[LVL],LocFeatures[[#This Row],[LVL]],DropAnalityka[Stage],LocFeatures[[#This Row],[Stage]]))/(LocFeatures[[#This Row],[E. Cost]]-LocFeatures[[#This Row],[Energy gain]]))*3.4+LocFeatures[[#This Row],[XP train/energy]] -> 3601.0068
A29: Tamor Desert | B29: Hell | C29: 13 | D29: 5 | E29: 1800 | F29: 12 | I29: =AVERAGEIFS(DropAnalityka[Mana drop],DropAnalityka[Location],LocFeatures[[#This Row],[Location]],DropAnalityka[LVL],LocFeatures[[#This Row],[LVL]],DropAnalityka[Stage],LocFeatures[[#This Row],[Stage]])+AVERAGEIFS(DropAnalityka[Drop Worth],DropAnalityka[Location],LocFeatures[[#This Row],[Location]],DropAnalityka[LVL],LocFeatures[[#This Row],[LVL]],DropAnalityka[Stage],LocFeatures[[#This Row],[Stage]])+AVERAGEIFS(DropAnalityka[Fod Worth],DropAnalityka[Location],LocFeatures[[#This Row],[Location]],DropAnalityka[LVL],LocFeatures[[#This Row],[LVL]],DropAnalityka[Stage],LocFeatures[[#This Row],[Stage]]) -> 3818.9444 | J29: =AVERAGEIFS(DropAnalityka[Energy Drop],DropAnalityka[Location],LocFeatures[[#This Row],[Location]],DropAnalityka[LVL],LocFeatures[[#This Row],[LVL]],DropAnalityka[Stage],LocFeatures[[#This Row],[Stage]]) -> 0.83333333 | K29: =4*LocFeatures[[#This Row],[XP Gain per member]] -> 7200 | L29: =3*LocFeatures[[#This Row],[XP Gain per member]] -> 5400 | M29: =AVERAGEIFS(DropAnalityka[Exp Gain],DropAnalityka[Location],LocFeatures[[#This Row],[Location]],DropAnalityka[LVL],LocFeatures[[#This Row],[LVL]],DropAnalityka[Stage],LocFeatures[[#This Row],[Stage]]) -> 400 | N29: =LocFeatures[[#This Row],[Drop worth gain]]/(LocFeatures[[#This Row],[E. Cost]]-LocFeatures[[#This Row],[Energy gain]]) -> 916.54667 | O29: =LocFeatures[[#This Row],[XP Train Gain]]/(LocFeatures[[#This Row],[E. Cost]]-LocFeatures[[#This Row],[Energy gain]]) -> 1296 | P29: =(LocFeatures[[#This Row],[XP Train Gain]]+LocFeatures[[#This Row],[XP drop]])/(LocFeatures[[#This Row],[E. Cost]]-LocFeatures[[#This Row],[Energy gain]]) -> 1392 | Q29: =COUNTIFS(DropAnalityka[Location],LocFeatures[[#This Row],[Location]],DropAnalityka[LVL],LocFeatures[[#This Row],[LVL]],DropAnalityka[Stage],LocFeatures[[#This Row],[Stage]]) -> 18 | R29: =((AVERAGEIFS(DropAnalityka[Mana drop],DropAnalityka[Location],LocFeatures[[#This Row],[Location]],DropAnalityka[LVL],LocFeatures[[#This Row],[LVL]],DropAnalityka[Stage],LocFeatures[[#This Row],[Stage]])+AVERAGEIFS(DropAnalityka[Sell Drop],DropAnalityka[Location],LocFeatures[[#This Row],[Location]],DropAnalityka[LVL],LocFeatures[[#This Row],[LVL]],DropAnalityka[Stage],LocFeatures[[#This Row],[Stage]]))/(LocFeatures[[#This Row],[E. Cost]]-LocFeatures[[#This Row],[Energy gain]]))*3.4+LocFeatures[[#This Row],[XP train/energy]] -> 3596.2587 | S29: 92 | T29: Lapis
A30: Tamor Desert | B30: Normal | C30: 3 | D30: 3 | E30: 642 | F30: 12 | G30: Fire | H30: Y - fast | I30: =AVERAGEIFS(DropAnalityka[Mana drop],DropAnalityka[Location],LocFeatures[[#This Row],[Location]],DropAnalityka[LVL],LocFeatures[[#This Row],[LVL]],DropAnalityka[Stage],LocFeatures[[#This Row],[Stage]])+AVERAGEIFS(DropAnalityka[Drop Worth],DropAnalityka[Location],LocFeatures[[#This Row],[Location]],DropAnalityka[LVL],LocFeatures[[#This Row],[LVL]],DropAnalityka[Stage],LocFeatures[[#This Row],[Stage]])+AVERAGEIFS(DropAnalityka[Fod Worth],DropAnalityka[Location],LocFeatures[[#This Row],[Location]],DropAnalityka[LVL],LocFeatures[[#This Row],[LVL]],DropAnalityka[Stage],LocFeatures[[#This Row],[Stage]]) -> 2788.2439 | J30: =AVERAGEIFS(DropAnalityka[Energy Drop],DropAnalityka[Location],LocFeatures[[#This Row],[Location]],DropAnalityka[LVL],LocFeatures[[#This Row],[LVL]],DropAnalityka[Stage],LocFeatures[[#This Row],[Stage]]) -> 0.82926829 | K30: =4*LocFeatures[[#This Row],[XP Gain per member]] -> 2568 | L30: =3*LocFeatures[[#This Row],[XP Gain per member]] -> 1926 | M30: =AVERAGEIFS(DropAnalityka[Exp Gain],DropAnalityka[Location],LocFeatures[[#This Row],[Location]],DropAnalityka[LVL],LocFeatures[[#This Row],[LVL]],DropAnalityka[Stage],LocFeatures[[#This Row],[Stage]]) -> 175.60976 | N30: =LocFeatures[[#This Row],[Drop worth gain]]/(LocFeatures[[#This Row],[E. Cost]]-LocFeatures[[#This Row],[Energy gain]]) -> 1284.4719 | O30: =LocFeatures[[#This Row],[XP Train Gain]]/(LocFeatures[[#This Row],[E. Cost]]-LocFeatures[[#This Row],[Energy gain]]) -> 887.25843 | P30: =(LocFeatures[[#This Row],[XP Train Gain]]+LocFeatures[[#This Row],[XP drop]])/(LocFeatures[[#This Row],[E. Cost]]-LocFeatures[[#This Row],[Energy gain]]) -> 968.1573 | Q30: =COUNTIFS(DropAnalityka[Location],LocFeatures[[#This Row],[Location]],DropAnalityka[LVL],LocFeatures[[#This Row],[LVL]],DropAnalityka[Stage],LocFeatures[[#This Row],[Stage]]) -> 41 | R30: =((AVERAGEIFS(DropAnalityka[Mana drop],DropAnalityka[Location],LocFeatures[[#This Row],[Location]],DropAnalityka[LVL],LocFeatures[[#This Row],[LVL]],DropAnalityka[Stage],LocFeatures[[#This Row],[Stage]])+AVERAGEIFS(DropAnalityka[Sell Drop],DropAnalityka[Location],LocFeatures[[#This Row],[Location]],DropAnalityka[LVL],LocFeatures[[#This Row],[LVL]],DropAnalityka[Stage],LocFeatures[[#This Row],[Stage]]))/(LocFeatures[[#This Row],[E. Cost]]-LocFeatures[[#This Row],[Energy gain]]))*3.4+LocFeatures[[#This Row],[XP train/energy]] -> 3248.8449
A31: Tamor Desert | B31: Normal | C31: 3 | D31: 3 | I31: =AVERAGEIFS(DropAnalityka[Mana drop],DropAnalityka[Location],LocFeatures[[#This Row],[Location]],DropAnalityka[LVL],LocFeatures[[#This Row],[LVL]],DropAnalityka[Stage],LocFeatures[[#This Row],[Stage]])+AVERAGEIFS(DropAnalityka[Drop Worth],DropAnalityka[Location],LocFeatures[[#This Row],[Location]],DropAnalityka[LVL],LocFeatures[[#This Row],[LVL]],DropAnalityka[Stage],LocFeatures[[#This Row],[Stage]])+AVERAGEIFS(DropAnalityka[Fod Worth],DropAnalityka[Location],LocFeatures[[#This Row],[Location]],DropAnalityka[LVL],LocFeatures[[#This Row],[LVL]],DropAnalityka[Stage],LocFeatures[[#This Row],[Stage]]) -> 2788.2439 | J31: =AVERAGEIFS(DropAnalityka[Energy Drop],DropAnalityka[Location],LocFeatures[[#This Row],[Location]],DropAnalityka[LVL],LocFeatures[[#This Row],[LVL]],DropAnalityka[Stage],LocFeatures[[#This Row],[Stage]]) -> 0.82926829 | K31: =4*LocFeatures[[#This Row],[XP Gain per member]] -> 0 | L31: =3*LocFeatures[[#This Row],[XP Gain per member]] -> 0 | M31: =AVERAGEIFS(DropAnalityka[Exp Gain],DropAnalityka[Location],LocFeatures[[#This Row],[Location]],DropAnalityka[LVL],LocFeatures[[#This Row],[LVL]],DropAnalityka[Stage],LocFeatures[[#This Row],[Stage]]) -> 175.60976 | N31: =LocFeatures[[#This Row],[Drop worth gain]]/(LocFeatures[[#This Row],[E. Cost]]-LocFeatures[[#This Row],[Energy gain]]) -> 1284.4719 | O31: =LocFeatures[[#This Row],[XP Train Gain]]/(LocFeatures[[#This Row],[E. Cost]]-LocFeatures[[#This Row],[Energy gain]]) -> 0 | P31: =(LocFeatures[[#This Row],[XP Train Gain]]+LocFeatures[[#This Row],[XP drop]])/(LocFeatures[[#This Row],[E. Cost]]-LocFeatures[[#This Row],[Energy gain]]) -> 80.898876 | Q31: =COUNTIFS(DropAnalityka[Location],LocFeatures[[#This Row],[Location]],DropAnalityka[LVL],LocFeatures[[#This Row],[LVL]],DropAnalityka[Stage],LocFeatures[[#This Row],[Stage]]) -> 41 | R31: =((AVERAGEIFS(DropAnalityka[Mana drop],DropAnalityka[Location],LocFeatures[[#This Row],[Location]],DropAnalityka[LVL],LocFeatures[[#This Row],[LVL]],DropAnalityka[Stage],LocFeatures[[#This Row],[Stage]])+AVERAGEIFS(DropAnalityka[Sell Drop],DropAnalityka[Location],LocFeatures[[#This Row],[Location]],DropAnalityka[LVL],LocFeatures[[#This Row],[LVL]],DropAnalityka[Stage],LocFeatures[[#This Row],[Stage]]))/(LocFeatures[[#This Row],[E. Cost]]-LocFeatures[[#This Row],[Energy gain]]))*3.4+LocFeatures[[#This Row],[XP train/energy]] -> 2361.5865
A32: Vrofagul | B32: Hard | C32: 1 | D32: 4 | E32: =1524*3/4 -> 1143 | F32: 12 | G32: Fire | H32: Y - fast | I32: =AVERAGEIFS(DropAnalityka[Mana drop],DropAnalityka[Location],LocFeatures[[#This Row],[Location]],DropAnalityka[LVL],LocFeatures[[#This Row],[LVL]],DropAnalityka[Stage],LocFeatures[[#This Row],[Stage]])+AVERAGEIFS(DropAnalityka[Drop Worth],DropAnalityka[Location],LocFeatures[[#This Row],[Location]],DropAnalityka[LVL],LocFeatures[[#This Row],[LVL]],DropAnalityka[Stage],LocFeatures[[#This Row],[Stage]])+AVERAGEIFS(DropAnalityka[Fod Worth],DropAnalityka[Location],LocFeatures[[#This Row],[Location]],DropAnalityka[LVL],LocFeatures[[#This Row],[LVL]],DropAnalityka[Stage],LocFeatures[[#This Row],[Stage]]) -> 3557.5 | J32: =AVERAGEIFS(DropAnalityka[Energy Drop],DropAnalityka[Location],LocFeatures[[#This Row],[Location]],DropAnalityka[LVL],LocFeatures[[#This Row],[LVL]],DropAnalityka[Stage],LocFeatures[[#This Row],[Stage]]) -> 0.875 | K32: =4*LocFeatures[[#This Row],[XP Gain per member]] -> 4572 | L32: =3*LocFeatures[[#This Row],[XP Gain per member]] -> 3429 | M32: =AVERAGEIFS(DropAnalityka[Exp Gain],DropAnalityka[Location],LocFeatures[[#This Row],[Location]],DropAnalityka[LVL],LocFeatures[[#This Row],[LVL]],DropAnalityka[Stage],LocFeatures[[#This Row],[Stage]]) -> 0 | N32: =LocFeatures[[#This Row],[Drop worth gain]]/(LocFeatures[[#This Row],[E. Cost]]-LocFeatures[[#This Row],[Energy gain]]) -> 1138.4 | O32: =LocFeatures[[#This Row],[XP Train Gain]]/(LocFeatures[[#This Row],[E. Cost]]-LocFeatures[[#This Row],[Energy gain]]) -> 1097.28 | P32: =(LocFeatures[[#This Row],[XP Train Gain]]+LocFeatures[[#This Row],[XP drop]])/(LocFeatures[[#This Row],[E. Cost]]-LocFeatures[[#This Row],[Energy gain]]) -> 1097.28 | Q32: =COUNTIFS(DropAnalityka[Location],LocFeatures[[#This Row],[Location]],DropAnalityka[LVL],LocFeatures[[#This Row],[LVL]],DropAnalityka[Stage],LocFeatures[[#This Row],[Stage]]) -> 8 | R32: =((AVERAGEIFS(DropAnalityka[Mana drop],DropAnalityka[Location],LocFeatures[[#This Row],[Location]],DropAnalityka[LVL],LocFeatures[[#This Row],[LVL]],DropAnalityka[Stage],LocFeatures[[#This Row],[Stage]])+AVERAGEIFS(DropAnalityka[Sell Drop],DropAnalityka[Location],LocFeatures[[#This Row],[Location]],DropAnalityka[LVL],LocFeatures[[#This Row],[LVL]],DropAnalityka[Stage],LocFeatures[[#This Row],[Stage]]))/(LocFeatures[[#This Row],[E. Cost]]-LocFeatures[[#This Row],[Energy gain]]))*3.4+LocFeatures[[#This Row],[XP train/energy]] -> 4967.84

Sheet TabPrz
G1: Location | H1: (Wiele elementów)
R2: Średni drop
B3: Wartości | G3: Suma z Quality/Quantity | H3: Etykiety kolumn | Q3: Kolumna1 | R3: 4 | S3: 5 | T3: 7 | U3: 8 | V3: 9 | W3: 10
A4: Etykiety wierszy | B4: Średnia z Mana drop | C4: Średnia z Sell drop | D4: Średnia z Energy Drop | E4: Licznik z Drop | G4: Etykiety wierszy | H4: 4 | I4: 5 | J4: 7 | K4: 8 | L4: 9 | M4: 10 | N4: Suma końcowa | Q4: =G5 -> high | R4: =GETPIVOTDATA("Quality/Quantity",$G$3,"Stage",4,"Grade","high")/GETPIVOTDATA("LVL",$G$15,"Stage",4) -> 0 | S4: =GETPIVOTDATA("Quality/Quantity",$G$3,"Stage",5,"Grade","high")/GETPIVOTDATA("LVL",$G$15,"Stage",5) -> 0 | T4: =GETPIVOTDATA("Quality/Quantity",$G$3,"Stage",7,"Grade","high")/GETPIVOTDATA("LVL",$G$15,"Stage",7) -> 0.13432836 | U4: =GETPIVOTDATA("Quality/Quantity",$G$3,"Stage",8,"Grade","high")/GETPIVOTDATA("LVL",$G$15,"Stage",8) -> 0.21875 | V4: =GETPIVOTDATA("Quality/Quantity",$G$3,"Stage",9,"Grade","high")/GETPIVOTDATA("LVL",$G$15,"Stage",9) -> 0.26666667 | W4: =GETPIVOTDATA("Quality/Quantity",$G$3,"Stage",10,"Grade","high")/GETPIVOTDATA("LVL",$G$15,"Stage",10) -> 0.5
A5: Aiden | B5: 1511.6571 | C5: 1090.7464 | D5: 0.85714286 | E5: 40 | G5: high | J5: 9 | K5: 7 | L5: 32 | M5: 3 | N5: 51 | Q5: =G6 -> low | R5: =GETPIVOTDATA("Quality/Quantity",$G$3,"Stage",4,"Grade","low")/GETPIVOTDATA("LVL",$G$15,"Stage",4) -> 0.57142857 | S5: =GETPIVOTDATA("Quality/Quantity",$G$3,"Stage",5,"Grade","low")/GETPIVOTDATA("LVL",$G$15,"Stage",5) -> 1.2 | T5: =GETPIVOTDATA("Quality/Quantity",$G$3,"Stage",7,"Grade","low")/GETPIVOTDATA("LVL",$G$15,"Stage",7) -> 1.4179104 | U5: =GETPIVOTDATA("Quality/Quantity",$G$3,"Stage",8,"Grade","low")/GETPIVOTDATA("LVL",$G$15,"Stage",8) -> 1.34375 | V5: =GETPIVOTDATA("Quality/Quantity",$G$3,"Stage",9,"Grade","low")/GETPIVOTDATA("LVL",$G$15,"Stage",9) -> 1.1166667 | W5: =GETPIVOTDATA("Quality/Quantity",$G$3,"Stage",10,"Grade","low")/GETPIVOTDATA("LVL",$G$15,"Stage",10) -> 1.6666667
A6: Hard | B6: 1612.561 | C6: 1753.4615 | D6: 0.85365854 | E6: 10 | G6: low | H6: 4 | I6: 24 | J6: 95 | K6: 43 | L6: 134 | M6: 10 | N6: 310 | Q6: =G7 -> mid | R6: =GETPIVOTDATA("Quality/Quantity",$G$3,"Stage",4,"Grade","mid")/GETPIVOTDATA("LVL",$G$15,"Stage",4) -> 0.14285714 | S6: =GETPIVOTDATA("Quality/Quantity",$G$3,"Stage",5,"Grade","mid")/GETPIVOTDATA("LVL",$G$15,"Stage",5) -> 0.5 | T6: =GETPIVOTDATA("Quality/Quantity",$G$3,"Stage",7,"Grade","mid")/GETPIVOTDATA("LVL",$G$15,"Stage",7) -> 0.55223881 | U6: =GETPIVOTDATA("Quality/Quantity",$G$3,"Stage",8,"Grade","mid")/GETPIVOTDATA("LVL",$G$15,"Stage",8) -> 0.21875 | V6: =GETPIVOTDATA("Quality/Quantity",$G$3,"Stage",9,"Grade","mid")/GETPIVOTDATA("LVL",$G$15,"Stage",9) -> 0.55833333 | W6: =GETPIVOTDATA("Quality/Quantity",$G$3,"Stage",10,"Grade","mid")/GETPIVOTDATA("LVL",$G$15,"Stage",10) -> 0.33333333
A7: 1 | B7: 1480.3333 | C7: 1981.4444 | D7: 1.1111111 | G7: mid | H7: 1 | I7: 10 | J7: 37 | K7: 7 | L7: 67 | M7: 2 | N7: 124
A8: 11 | B8: 1649.75 | C8: 1685.0667 | D8: 0.78125 | E8: 10 | G8: Suma końcowa | H8: 5 | I8: 34 | J8: 141 | K8: 57 | L8: 233 | M8: 15 | N8: 485
A9: Normal | B9: 1469.8687 | C9: 829.67677 | D9: 0.85858586 | E9: 30
A10: 1 | B10: 1457.7396 | C10: 816.58333 | D10: 0.88541667 | E10: 30
A11: 2 | B11: 2526 | C11: 866 | D11: 0
A12: 3 | B12: 1524 | C12: 1440 | D12: 0
A13: Faimon | B13: 1504.3632 | C13: 1286.0236 | D13: 0.88679245 | E13: 63
A14: Hard | B14: 1569.4198 | C14: 1567.1374 | D14: 0.89312977 | E14: 37
A15: 1 | B15: 1625.3953 | C15: 1618.5814 | D15: 0.79069767 | E15: 12 | G15: Licznik z LVL | H15: Etykiety kolumn
A16: 2 | B16: 1387 | C16: 2080 | D16: 1 | G16: Etykiety wierszy | H16: 4 | I16: 5 | J16: 7 | K16: 8 | L16: 9 | M16: 10 | N16: Suma końcowa
A17: 11 | B17: 1543.8506 | C17: 1535.8161 | D17: 0.94252874 | E17: 25 | G17: HoDark | I17: 1 | J17: 1 | K17: 3 | L17: 1 | M17: 4 | N17: 10
A18: Normal | B18: 1399.1481 | C18: 831.38272 | D18: 0.87654321 | E18: 26 | G18: HoLight | I18: 16 | N18: 16
A19: 1 | B19: 1399.1481 | C19: 831.38272 | D19: 0.87654321 | E19: 26 | G19: HoMagic | H19: 7 | I19: 3 | J19: 62 | L19: 25 | N19: 97
A20: HoMagic | B20: 2293.9794 | C20: 0 | D20: 0.68041237 | E20: 96 | G20: HoWater | J20: 4 | K20: 29 | L20: 67 | N20: 100
A21: Normal | B21: 2293.9794 | C21: 0 | D21: 0.68041237 | E21: 96 | G21: HoFire | L21: 27 | M21: 2 | N21: 29
A22: 4 | B22: 1267.7143 | C22: 0 | D22: 0.71428571 | E22: 7 | G22: Suma końcowa | H22: 7 | I22: 20 | J22: 67 | K22: 32 | L22: 120 | M22: 6 | N22: 252
A23: 5 | B23: 1404 | C23: 0 | D23: 0.66666667 | E23: 3
A24: 7 | B24: 2319.9516 | C24: 0 | D24: 0.58064516 | E24: 62
A25: 9 | B25: 2623.72 | C25: 0 | D25: 0.92 | E25: 24
A26: Mt White | B26: 1192 | C26: 0 | D26: 1 | E26: 1
A27: Hell | B27: 1192 | C27: 0 | D27: 1 | E27: 1
A28: 2 | B28: 1192 | C28: 0 | D28: 1 | E28: 1
A29: Tamor Desert | B29: 1458.8259 | C29: 912.60526 | D29: 0.92962963 | E29: 78
A30: Hard | B30: 1422.1667 | C30: 607.50943 | D30: 0.87037037 | E30: 21
A31: 3 | B31: 1420.6981 | C31: 597.03846 | D31: 0.86792453 | E31: 21
A32: 6 | B32: 1500 | C32: 1152 | D32: 1
A33: Hell | B33: 1525.3161 | C33: 1159.0117 | D33: 0.96551724 | E33: 43
A34: 3 | B34: 1519.1731 | C34: 1149.4379 | D34: 0.98076923 | E34: 40
A35: 13 | B35: 1578.5556 | C35: 1240.3889 | D35: 0.83333333 | E35: 3
A36: Normal | B36: 1230.5 | C36: 294.38095 | D36: 0.85714286 | E36: 14
A37: 1 | B37: 1315 | C37: 912 | D37: 2
A38: 3 | B38: 1228.439 | C38: 279.31707 | D38: 0.82926829 | E38: 14
A39: Giants | B39: 3625.4257 | C39: 4470.3861 | D39: 1.0066007 | E39: 285
A40: Normal | B40: 3625.4257 | C40: 4470.3861 | D40: 1.0066007 | E40: 285
A41: 3 | B41: 1603 | C41: 1752 | D41: 1
A42: 4 | B42: 1657 | C42: 3168 | D42: 2
A43: 5 | B43: 2308.8125 | C43: 3085.6875 | D43: 1.75 | E43: 6
A44: 6 | B44: 2534.2727 | C44: 2383.5455 | D44: 0.90909091 | E44: 6
A45: 7 | B45: 3058.48 | C45: 2632.72 | D45: 1.1 | E45: 49
A46: 8 | B46: 3450.9459 | C46: 3394.8649 | D46: 0.89189189 | E46: 37
A47: 10 | B47: 4009.7166 | C47: 5437.2781 | D47: 0.94117647 | E47: 187
A48: Suma końcowa | B48: 2196.1408 | C48: 1988.622 | D48: 0.91006843 | E48: 563

Sheet Arkusz1
A3: Kolumna1 | B3: 0.2
B5: Etykiety kolumn
B6: 0 | J6: 0% Maksimum z Fatal + Blade | K6: 0% Maksimum z Rage + Blade | L6: 0.2 | T6: 20% Maksimum z Fatal + Blade | U6: 20% Maksimum z Rage + Blade | V6: Maksimum z Fatal + Blade, Razem | W6: Maksimum z Rage + Blade, Razem
B7: 0.2 | H7: 20% Maksimum z Fatal + Blade | I7: 20% Maksimum z Rage + Blade | L7: 0 | R7: 0% Maksimum z Fatal + Blade | S7: 0% Maksimum z Rage + Blade
B8: 2 | F8: 2 Maksimum z Fatal + Blade | G8: 2 Maksimum z Rage + Blade | L8: 2 | P8: 2 Maksimum z Fatal + Blade | Q8: 2 Maksimum z Rage + Blade
B9: 1 | D9: 1 Maksimum z Fatal + Blade | E9: 1 Maksimum z Rage + Blade | L9: 1 | N9: 1 Maksimum z Fatal + Blade | O9: 1 Maksimum z Rage + Blade
B10: 0 | L10: 0
A11: Etykiety wierszy | B11: Maksimum z Fatal + Blade | C11: Maksimum z Rage + Blade | L11: Maksimum z Fatal + Blade | M11: Maksimum z Rage + Blade
A12: 0 | B12: 2750.231 | C12: 2477.586 | D12: 2750.231 | E12: 2477.586 | F12: 2750.231 | G12: 2477.586 | H12: 2750.231 | I12: 2477.586 | J12: 2750.231 | K12: 2477.586 | L12: 2889.751 | M12: 2657.606 | N12: 2889.751 | O12: 2657.606 | P12: 2889.751 | Q12: 2657.606 | R12: 2889.751 | S12: 2657.606 | T12: 2889.751 | U12: 2657.606 | V12: 2889.751 | W12: 2657.606
A13: 0.1 | B13: 2994.761 | C13: 2750.766 | D13: 2994.761 | E13: 2750.766 | F13: 2994.761 | G13: 2750.766 | H13: 2994.761 | I13: 2750.766 | J13: 2994.761 | K13: 2750.766 | L13: 3111.881 | M13: 2923.386 | N13: 3111.881 | O13: 2923.386 | P13: 3111.881 | Q13: 2923.386 | R13: 3111.881 | S13: 2923.386 | T13: 3111.881 | U13: 2923.386 | V13: 3111.881 | W13: 2923.386
A14: 0.2 | B14: 3239.291 | C14: 3023.946 | D14: 3239.291 | E14: 3023.946 | F14: 3239.291 | G14: 3023.946 | H14: 3239.291 | I14: 3023.946 | J14: 3239.291 | K14: 3023.946 | L14: 3334.011 | M14: 3189.166 | N14: 3334.011 | O14: 3189.166 | P14: 3334.011 | Q14: 3189.166 | R14: 3334.011 | S14: 3189.166 | T14: 3334.011 | U14: 3189.166 | V14: 3334.011 | W14: 3189.166
A15: 0.3 | B15: 3483.821 | C15: 3297.126 | D15: 3483.821 | E15: 3297.126 | F15: 3483.821 | G15: 3297.126 | H15: 3483.821 | I15: 3297.126 | J15: 3483.821 | K15: 3297.126 | L15: 3556.141 | M15: 3454.946 | N15: 3556.141 | O15: 3454.946 | P15: 3556.141 | Q15: 3454.946 | R15: 3556.141 | S15: 3454.946 | T15: 3556.141 | U15: 3454.946 | V15: 3556.141 | W15: 3454.946
A16: 0.4 | B16: 3728.351 | C16: 3570.306 | D16: 3728.351 | E16: 3570.306 | F16: 3728.351 | G16: 3570.306 | H16: 3728.351 | I16: 3570.306 | J16: 3728.351 | K16: 3570.306 | L16: 3778.271 | M16: 3720.726 | N16: 3778.271 | O16: 3720.726 | P16: 3778.271 | Q16: 3720.726 | R16: 3778.271 | S16: 3720.726 | T16: 3778.271 | U16: 3720.726 | V16: 3778.271 | W16: 3720.726
A17: 0.5 | B17: 3972.881 | C17: 3843.486 | D17: 3972.881 | E17: 3843.486 | F17: 3972.881 | G17: 3843.486 | H17: 3972.881 | I17: 3843.486 | J17: 3972.881 | K17: 3843.486 | L17: 4000.401 | M17: 3986.506 | N17: 4000.401 | O17: 3986.506 | P17: 4000.401 | Q17: 3986.506 | R17: 4000.401 | S17: 3986.506 | T17: 4000.401 | U17: 3986.506 | V17: 4000.401 | W17: 3986.506
A18: 0.6 | B18: 4217.411 | C18: 4116.666 | D18: 4217.411 | E18: 4116.666 | F18: 4217.411 | G18: 4116.666 | H18: 4217.411 | I18: 4116.666 | J18: 4217.411 | K18: 4116.666 | L18: 4222.531 | M18: 4252.286 | N18: 4222.531 | O18: 4252.286 | P18: 4222.531 | Q18: 4252.286 | R18: 4222.531 | S18: 4252.286 | T18: 4222.531 | U18: 4252.286 | V18: 4222.531 | W18: 4252.286
A19: 0.7 | B19: 4461.941 | C19: 4389.846 | D19: 4461.941 | E19: 4389.846 | F19: 4461.941 | G19: 4389.846 | H19: 4461.941 | I19: 4389.846 | J19: 4461.941 | K19: 4389.846 | L19: 4444.661 | M19: 4518.066 | N19: 4444.661 | O19: 4518.066 | P19: 4444.661 | Q19: 4518.066 | R19: 4444.661 | S19: 4518.066 | T19: 4444.661 | U19: 4518.066 | V19: 4461.941 | W19: 4518.066
A20: 0.8 | B20: 4535.3 | C20: 4471.8 | D20: 4535.3 | E20: 4471.8 | F20: 4535.3 | G20: 4471.8 | H20: 4535.3 | I20: 4471.8 | J20: 4535.3 | K20: 4471.8 | L20: 4511.3 | M20: 4597.8 | N20: 4511.3 | O20: 4597.8 | P20: 4511.3 | Q20: 4597.8 | R20: 4511.3 | S20: 4597.8 | T20: 4511.3 | U20: 4597.8 | V20: 4535.3 | W20: 4597.8
A21: 0.9 | B21: 4535.3 | C21: 4471.8 | D21: 4535.3 | E21: 4471.8 | F21: 4535.3 | G21: 4471.8 | H21: 4535.3 | I21: 4471.8 | J21: 4535.3 | K21: 4471.8 | L21: 4511.3 | M21: 4597.8 | N21: 4511.3 | O21: 4597.8 | P21: 4511.3 | Q21: 4597.8 | R21: 4511.3 | S21: 4597.8 | T21: 4511.3 | U21: 4597.8 | V21: 4535.3 | W21: 4597.8
A22: 1 | B22: 4535.3 | C22: 4471.8 | D22: 4535.3 | E22: 4471.8 | F22: 4535.3 | G22: 4471.8 | H22: 4535.3 | I22: 4471.8 | J22: 4535.3 | K22: 4471.8 | L22: 4511.3 | M22: 4597.8 | N22: 4511.3 | O22: 4597.8 | P22: 4511.3 | Q22: 4597.8 | R22: 4511.3 | S22: 4597.8 | T22: 4511.3 | U22: 4597.8 | V22: 4535.3 | W22: 4597.8
A23: Suma końcowa | B23: 4535.3 | C23: 4471.8 | D23: 4535.3 | E23: 4471.8 | F23: 4535.3 | G23: 4471.8 | H23: 4535.3 | I23: 4471.8 | J23: 4535.3 | K23: 4471.8 | L23: 4511.3 | M23: 4597.8 | N23: 4511.3 | O23: 4597.8 | P23: 4511.3 | Q23: 4597.8 | R23: 4511.3 | S23: 4597.8 | T23: 4511.3 | U23: 4597.8 | V23: 4535.3 | W23: 4597.8

Sheet Runes for DPS
A1: Set | B1: Runes | C1: Fatal Nbr | D1: Rage Nbr | E1: Blade Nbr | F1: Atk Mult | G1: CritD | H1: Atk % from subs | I1: Crit D % from subs | J1: % of Crit C from subs | K1: Nbr of Atk rune | L1: Nbr of Crit D rune | M1: Nbr of Crit C rune | N1: Atk | O1: Dmg | P1: DmgC | Q1: Crit Chance Basic | R1: Final Crit Chance | S1: AvgDmg | T1: AvgDmg Basic | U1: % change to basic | X1: Set Name | Y1: Attack | Z1: Crit.Dmg | AA1: Crit.Cha | AB1: Speed
A2: Base | F2: 1 | G2: 1.5 | H2: 0 | I2: 0 | J2: 0 | N2: 736 | O2: 2100 | P2: =O2*G2 -> 3150 | Q2: 0.15 | R2: =MINA(Q2+M2*$AA$3+0.12*E2+J2, 1) -> 0.15 | S2: =R2*P2+(1-R2)*O2 -> 2257.5 | T2: 2257.5 | U2: =S2/T2-1 -> 0 | X2: Fatal | Y2: 0.37 | AG2: Base Att | AH2: Base Crit D | AI2: Base Crit C | AJ2: Att stones | AK2: Crid D stone | AL2: Crit C stone | AM2: Kolumna1 | AN2: Att subs | AO2: Crit D subs | AP2: Crit C subs | AQ2: Fatal + Blade | AR2: Rage + Blade | AS2: 3x Blade | AT2: DobSk Fatal+balde | AU2: DobSk Fatal+balde2
A3: Status | F3: =$F$2+H3+K3*$Y$2+C3*0.35 -> 1.74 | G3: =$G$2+I3+L3*$Z$4+D3*0.4 -> 1.5 | H3: 0 | I3: 0 | J3: 0.2 | K3: 2 | N3: =N$2*$F3 -> 1280.64 | O3: =O$2*$F3 -> 3654 | P3: =O3*G3 -> 5481 | Q3: 0.15 | R3: =MINA(Q3+M3*$AA$3+0.12*E3+J3, 1) -> 0.35 | S3: =R3*P3+(1-R3)*O3 -> 4293.45 | T3: 5172.027 | U3: =S3/T3-1 -> -0.16987092 | X3: Blade | AA3: 0.35 | AG3: =1000 -> 1000 | AH3: 0.5 | AI3: 0.15 | AJ3: 2 | AK3: 1 | AL3: 0 | AM3: =Tabela21[[#This Row],[Att subs]]+Tabela21[[#This Row],[Crit D subs]] -> 0 | AN3: 0 | AO3: 0 | AP3: 0 | AQ3: =$AG$3*(1+$AJ3*$Y$2+$AN3+0.35)*(MAXA(1-$AI$3-$AL3*$AA$3-$AP3-0.12,0)+MINA($AI$3+$AL3*$AA$3+$AP3+0.12,1)*(1+$AH$3+$AO3+$AK3*$Z$4)) -> 2637.371 | AR3: =$AG$3*(1+$AJ3*$Y$2+$AN3)*(MAXA(1-$AI$3-$AL3*$AA$3-$AP3-0.12,0)+MINA($AI$3+$AL3*$AA$3+$AP3+0.12,1)*(1+$AH$3+$AO3+$AK3*$Z$4+0.4)) -> 2383.626 | AS3: =$AG$3*(1+$AJ3*$Y$2+$AN3)*(MAXA(1-$AI$3-$AL3*$AA$3-$AP3-0.36,0)+MINA($AI$3+$AL3*$AA$3+$AP3+0.36,1)*(1+$AH$3+$AO3+$AK3*$Z$4)) -> 2600.778 | AT3: 2889.751 | AU3: =$AG$3*(1+$AJ3*$Y$2+$AN3)*(MAXA(1-$AI$3-$AL3*$AA$3-$AP3-0.12,0)+2*MINA($AI$3+$AL3*$AA$3+$AP3+0.12,1)*(1+$AH$3+$AO3+$AK3*$Z$4+0.4)) -> 3497.052
A4: Status | F4: =$F$2+H4+K4*$Y$2+C4*0.35 -> 2.11 | G4: =$G$2+I4+L4*$Z$4+D4*0.4 -> 1.5 | H4: =H3 -> 0 | I4: =I3 -> 0 | J4: =J3 -> 0.2 | K4: 3 | N4: =N$2*$F4 -> 1552.96 | O4: =O$2*$F4 -> 4431 | P4: =O4*G4 -> 6646.5 | Q4: 0.15 | R4: =MINA(Q4+M4*$AA$3+0.12*E4+J4, 1) -> 0.35 | S4: =R4*P4+(1-R4)*O4 -> 5206.425 | T4: 5979.3678 | U4: =S4/T4-1 -> -0.12926831 | X4: Rage | Z4: 0.47 | AJ4: 2 | AK4: 1 | AL4: 0 | AM4: =Tabela21[[#This Row],[Att subs]]+Tabela21[[#This Row],[Crit D subs]] -> 0 | AN4: 0 | AO4: =AO3 -> 0 | AP4: 0.1 | AQ4: =$AG$3*(1+$AJ4*$Y$2+$AN4+0.35)*(MAXA(1-$AI$3-$AL4*$AA$3-$AP4-0.12,0)+MINA($AI$3+$AL4*$AA$3+$AP4+0.12,1)*(1+$AH$3+$AO4+$AK4*$Z$4)) -> 2840.101 | AR4: =$AG$3*(1+$AJ4*$Y$2+$AN4)*(MAXA(1-$AI$3-$AL4*$AA$3-$AP4-0.12,0)+MINA($AI$3+$AL4*$AA$3+$AP4+0.12,1)*(1+$AH$3+$AO4+$AK4*$Z$4+0.4)) -> 2622.006 | AS4: =$AG$3*(1+$AJ4*$Y$2+$AN4)*(MAXA(1-$AI$3-$AL4*$AA$3-$AP4-0.36,0)+MINA($AI$3+$AL4*$AA$3+$AP4+0.36,1)*(1+$AH$3+$AO4+$AK4*$Z$4)) -> 2769.558 | AT4: =$AG$3*(1+$AJ4*$Y$2+$AN4)*(MAXA(1-$AI$3-$AL4*$AA$3-$AP4-0.36,0)+2*MINA($AI$3+$AL4*$AA$3+$AP4+0.36,1)*(1+$AH$3+$AO4+$AK4*$Z$4)) -> 4860.516 | AU4: =$AG$3*(1+$AJ4*$Y$2+$AN4)*(MAXA(1-$AI$3-$AL4*$AA$3-$AP4-0.12,0)+2*MINA($AI$3+$AL4*$AA$3+$AP4+0.12,1)*(1+$AH$3+$AO4+$AK4*$Z$4+0.4)) -> 4147.812
A5: Status | F5: =$F$2+H5+K5*$Y$2+C5*0.35 -> 1.74 | G5: =$G$2+I5+L5*$Z$4+D5*0.4 -> 1.97 | H5: =H4 -> 0 | I5: =I4 -> 0 | J5: =J4 -> 0.2 | K5: 2 | L5: 1 | N5: =N$2*$F5 -> 1280.64 | O5: =O$2*$F5 -> 3654 | P5: =O5*G5 -> 7198.38 | Q5: =Q4 -> 0.15 | R5: =MINA(Q5+M5*$AA$3+0.12*E5+J5, 1) -> 0.35 | S5: =R5*P5+(1-R5)*O5 -> 4894.533 | T5: 5859.105 | U5: =S5/T5-1 -> -0.16462787 | X5: Speed | AB5: 29 | AJ5: 2 | AK5: 1 | AL5: 0 | AM5: =Tabela21[[#This Row],[Att subs]]+Tabela21[[#This Row],[Crit D subs]] -> 0 | AN5: 0 | AO5: =AO4 -> 0 | AP5: 0.2 | AQ5: =$AG$3*(1+$AJ5*$Y$2+$AN5+0.35)*(MAXA(1-$AI$3-$AL5*$AA$3-$AP5-0.12,0)+MINA($AI$3+$AL5*$AA$3+$AP5+0.12,1)*(1+$AH$3+$AO5+$AK5*$Z$4)) -> 3042.831 | AR5: =$AG$3*(1+$AJ5*$Y$2+$AN5)*(MAXA(1-$AI$3-$AL5*$AA$3-$AP5-0.12,0)+MINA($AI$3+$AL5*$AA$3+$AP5+0.12,1)*(1+$AH$3+$AO5+$AK5*$Z$4+0.4)) -> 2860.386 | AS5: =$AG$3*(1+$AJ5*$Y$2+$AN5)*(MAXA(1-$AI$3-$AL5*$AA$3-$AP5-0.36,0)+MINA($AI$3+$AL5*$AA$3+$AP5+0.36,1)*(1+$AH$3+$AO5+$AK5*$Z$4)) -> 2938.338 | AT5: =$AG$3*(1+$AJ5*$Y$2+$AN5)*(MAXA(1-$AI$3-$AL5*$AA$3-$AP5-0.36,0)+2*MINA($AI$3+$AL5*$AA$3+$AP5+0.36,1)*(1+$AH$3+$AO5+$AK5*$Z$4)) -> 5372.076 | AU5: =$AG$3*(1+$AJ5*$Y$2+$AN5)*(MAXA(1-$AI$3-$AL5*$AA$3-$AP5-0.12,0)+2*MINA($AI$3+$AL5*$AA$3+$AP5+0.12,1)*(1+$AH$3+$AO5+$AK5*$Z$4+0.4)) -> 4798.572
A6: Status | F6: =$F$2+H6+K6*$Y$2+C6*0.35 -> 1.74 | G6: =$G$2+I6+L6*$Z$4+D6*0.4 -> 1.5 | H6: =H5 -> 0 | I6: =I5 -> 0 | J6: =J5 -> 0.2 | K6: 2 | M6: 1 | N6: =N$2*$F6 -> 1280.64 | O6: =O$2*$F6 -> 3654 | P6: =O6*G6 -> 5481 | Q6: =Q5 -> 0.15 | R6: =MINA(Q6+M6*$AA$3+0.12*E6+J6, 1) -> 0.7 | S6: =R6*P6+(1-R6)*O6 -> 4932.9 | T6: 5879.3385 | U6: =S6/T6-1 -> -0.16097704 | AJ6: 2 | AK6: 1 | AL6: 0 | AM6: =Tabela21[[#This Row],[Att subs]]+Tabela21[[#This Row],[Crit D subs]] -> 0 | AN6: 0 | AO6: =AO5 -> 0 | AP6: 0.3 | AQ6: =$AG$3*(1+$AJ6*$Y$2+$AN6+0.35)*(MAXA(1-$AI$3-$AL6*$AA$3-$AP6-0.12,0)+MINA($AI$3+$AL6*$AA$3+$AP6+0.12,1)*(1+$AH$3+$AO6+$AK6*$Z$4)) -> 3245.561 | AR6: =$AG$3*(1+$AJ6*$Y$2+$AN6)*(MAXA(1-$AI$3-$AL6*$AA$3-$AP6-0.12,0)+MINA($AI$3+$AL6*$AA$3+$AP6+0.12,1)*(1+$AH$3+$AO6+$AK6*$Z$4+0.4)) -> 3098.766 | AS6: =$AG$3*(1+$AJ6*$Y$2+$AN6)*(MAXA(1-$AI$3-$AL6*$AA$3-$AP6-0.36,0)+MINA($AI$3+$AL6*$AA$3+$AP6+0.36,1)*(1+$AH$3+$AO6+$AK6*$Z$4)) -> 3107.118 | AT6: =$AG$3*(1+$AJ6*$Y$2+$AN6)*(MAXA(1-$AI$3-$AL6*$AA$3-$AP6-0.36,0)+2*MINA($AI$3+$AL6*$AA$3+$AP6+0.36,1)*(1+$AH$3+$AO6+$AK6*$Z$4)) -> 5883.636 | AU6: =$AG$3*(1+$AJ6*$Y$2+$AN6)*(MAXA(1-$AI$3-$AL6*$AA$3-$AP6-0.12,0)+2*MINA($AI$3+$AL6*$AA$3+$AP6+0.12,1)*(1+$AH$3+$AO6+$AK6*$Z$4+0.4)) -> 5449.332
A7: Fatal | C7: 1 | F7: =$F$2+H7+K7*$Y$2+C7*0.35 -> 2.46 | G7: =$G$2+I7+L7*$Z$4+D7*0.4 -> 1.5 | H7: =H6 -> 0 | I7: =I6 -> 0 | J7: =J6 -> 0.2 | K7: 3 | N7: =N$2*$F7 -> 1810.56 | O7: =O$2*$F7 -> 5166 | P7: =O7*G7 -> 7749 | Q7: =Q5 -> 0.15 | R7: =MINA(Q7+M7*$AA$3+0.12*E7+J7, 1) -> 0.35 | S7: =R7*P7+(1-R7)*O7 -> 6070.05 | T7: 6862.3968 | U7: =S7/T7-1 -> -0.11546211 | AJ7: 2 | AK7: 1 | AL7: 0 | AM7: =Tabela21[[#This Row],[Att subs]]+Tabela21[[#This Row],[Crit D subs]] -> 0 | AN7: 0 | AO7: =AO6 -> 0 | AP7: 0.4 | AQ7: =$AG$3*(1+$AJ7*$Y$2+$AN7+0.35)*(MAXA(1-$AI$3-$AL7*$AA$3-$AP7-0.12,0)+MINA($AI$3+$AL7*$AA$3+$AP7+0.12,1)*(1+$AH$3+$AO7+$AK7*$Z$4)) -> 3448.291 | AR7: =$AG$3*(1+$AJ7*$Y$2+$AN7)*(MAXA(1-$AI$3-$AL7*$AA$3-$AP7-0.12,0)+MINA($AI$3+$AL7*$AA$3+$AP7+0.12,1)*(1+$AH$3+$AO7+$AK7*$Z$4+0.4)) -> 3337.146 | AS7: =$AG$3*(1+$AJ7*$Y$2+$AN7)*(MAXA(1-$AI$3-$AL7*$AA$3-$AP7-0.36,0)+MINA($AI$3+$AL7*$AA$3+$AP7+0.36,1)*(1+$AH$3+$AO7+$AK7*$Z$4)) -> 3275.898 | AT7: =$AG$3*(1+$AJ7*$Y$2+$AN7)*(MAXA(1-$AI$3-$AL7*$AA$3-$AP7-0.36,0)+2*MINA($AI$3+$AL7*$AA$3+$AP7+0.36,1)*(1+$AH$3+$AO7+$AK7*$Z$4)) -> 6395.196 | AU7: =$AG$3*(1+$AJ7*$Y$2+$AN7)*(MAXA(1-$AI$3-$AL7*$AA$3-$AP7-0.12,0)+2*MINA($AI$3+$AL7*$AA$3+$AP7+0.12,1)*(1+$AH$3+$AO7+$AK7*$Z$4+0.4)) -> 6100.092
A8: Rage | D8: 1 | F8: =$F$2+H8+K8*$Y$2+C8*0.35 -> 2.11 | G8: =$G$2+I8+L8*$Z$4+D8*0.4 -> 1.9 | H8: =H7 -> 0 | I8: =I7 -> 0 | J8: =J7 -> 0.2 | K8: 3 | N8: =N$2*$F8 -> 1552.96 | O8: =O$2*$F8 -> 4431 | P8: =O8*G8 -> 8418.9 | Q8: =Q7 -> 0.15 | R8: =MINA(Q8+M8*$AA$3+0.12*E8+J8, 1) -> 0.35 | S8: =R8*P8+(1-R8)*O8 -> 5826.765 | T8: 6735.8718 | U8: =S8/T8-1 -> -0.13496498 | Z8: Atk % > Crit C% > Crit D% | AJ8: 2 | AK8: 1 | AL8: 0 | AM8: =Tabela21[[#This Row],[Att subs]]+Tabela21[[#This Row],[Crit D subs]] -> 0 | AN8: 0 | AO8: =AO7 -> 0 | AP8: 0.5 | AQ8: =$AG$3*(1+$AJ8*$Y$2+$AN8+0.35)*(MAXA(1-$AI$3-$AL8*$AA$3-$AP8-0.12,0)+MINA($AI$3+$AL8*$AA$3+$AP8+0.12,1)*(1+$AH$3+$AO8+$AK8*$Z$4)) -> 3651.021 | AR8: =$AG$3*(1+$AJ8*$Y$2+$AN8)*(MAXA(1-$AI$3-$AL8*$AA$3-$AP8-0.12,0)+MINA($AI$3+$AL8*$AA$3+$AP8+0.12,1)*(1+$AH$3+$AO8+$AK8*$Z$4+0.4)) -> 3575.526 | AS8: =$AG$3*(1+$AJ8*$Y$2+$AN8)*(MAXA(1-$AI$3-$AL8*$AA$3-$AP8-0.36,0)+MINA($AI$3+$AL8*$AA$3+$AP8+0.36,1)*(1+$AH$3+$AO8+$AK8*$Z$4)) -> 3427.8 | AT8: =$AG$3*(1+$AJ8*$Y$2+$AN8)*(MAXA(1-$AI$3-$AL8*$AA$3-$AP8-0.36,0)+2*MINA($AI$3+$AL8*$AA$3+$AP8+0.36,1)*(1+$AH$3+$AO8+$AK8*$Z$4)) -> 6855.6 | AU8: =$AG$3*(1+$AJ8*$Y$2+$AN8)*(MAXA(1-$AI$3-$AL8*$AA$3-$AP8-0.12,0)+2*MINA($AI$3+$AL8*$AA$3+$AP8+0.12,1)*(1+$AH$3+$AO8+$AK8*$Z$4+0.4)) -> 6750.852
A9: 3xBlade | E9: 3 | F9: =$F$2+H9+K9*$Y$2+C9*0.35 -> 2.11 | G9: =$G$2+I9+L9*$Z$4+D9*0.4 -> 1.5 | H9: =H8 -> 0 | I9: =I8 -> 0 | J9: =J8 -> 0.2 | K9: 3 | N9: =N$2*$F9 -> 1552.96 | O9: =O$2*$F9 -> 4431 | P9: =O9*G9 -> 6646.5 | Q9: =Q8 -> 0.15 | R9: =MINA(Q9+M9*$AA$3+0.12*E9+J9, 1) -> 0.71 | S9: =R9*P9+(1-R9)*O9 -> 6004.005 | T9: 6928.9794 | U9: =S9/T9-1 -> -0.1334936 | X9: Rune | Y9: Crit C % lvl | Z9: Atk% | AA9: Crit C% | AB9: Crit D% | AJ9: 2 | AK9: 1 | AL9: 0 | AM9: =Tabela21[[#This Row],[Att subs]]+Tabela21[[#This Row],[Crit D subs]] -> 0 | AN9: 0 | AO9: =AO8 -> 0 | AP9: 0.6 | AQ9: =$AG$3*(1+$AJ9*$Y$2+$AN9+0.35)*(MAXA(1-$AI$3-$AL9*$AA$3-$AP9-0.12,0)+MINA($AI$3+$AL9*$AA$3+$AP9+0.12,1)*(1+$AH$3+$AO9+$AK9*$Z$4)) -> 3853.751 | AR9: =$AG$3*(1+$AJ9*$Y$2+$AN9)*(MAXA(1-$AI$3-$AL9*$AA$3-$AP9-0.12,0)+MINA($AI$3+$AL9*$AA$3+$AP9+0.12,1)*(1+$AH$3+$AO9+$AK9*$Z$4+0.4)) -> 3813.906 | AS9: =$AG$3*(1+$AJ9*$Y$2+$AN9)*(MAXA(1-$AI$3-$AL9*$AA$3-$AP9-0.36,0)+MINA($AI$3+$AL9*$AA$3+$AP9+0.36,1)*(1+$AH$3+$AO9+$AK9*$Z$4)) -> 3427.8 | AT9: =$AG$3*(1+$AJ9*$Y$2+$AN9)*(MAXA(1-$AI$3-$AL9*$AA$3-$AP9-0.36,0)+2*MINA($AI$3+$AL9*$AA$3+$AP9+0.36,1)*(1+$AH$3+$AO9+$AK9*$Z$4)) -> 6855.6 | AU9: =$AG$3*(1+$AJ9*$Y$2+$AN9)*(MAXA(1-$AI$3-$AL9*$AA$3-$AP9-0.12,0)+2*MINA($AI$3+$AL9*$AA$3+$AP9+0.12,1)*(1+$AH$3+$AO9+$AK9*$Z$4+0.4)) -> 7401.612
A10: Fatal+Blade | C10: 1 | E10: 1 | F10: =$F$2+H10+K10*$Y$2+C10*0.35 -> 2.46 | G10: =$G$2+I10+L10*$Z$4+D10*0.4 -> 1.5 | H10: =H9 -> 0 | I10: =I9 -> 0 | J10: =J9 -> 0.2 | K10: 3 | N10: =N$2*$F10 -> 1810.56 | O10: =O$2*$F10 -> 5166 | P10: =O10*G10 -> 7749 | Q10: =Q9 -> 0.15 | R10: =MINA(Q10+M10*$AA$3+0.12*E10+J10, 1) -> 0.47 | S10: =R10*P10+(1-R10)*O10 -> 6380.01 | T10: 7225.68 | U10: =S10/T10-1 -> -0.11703674 | X10: 3*/9 | Y10: 0.15 | Z10: 0.1 | AA10: 0.12 | AB10: 0.2 | AJ10: 2 | AK10: 1 | AL10: 0 | AM10: =Tabela21[[#This Row],[Att subs]]+Tabela21[[#This Row],[Crit D subs]] -> 0 | AN10: 0 | AO10: =AO9 -> 0 | AP10: 0.7 | AQ10: =$AG$3*(1+$AJ10*$Y$2+$AN10+0.35)*(MAXA(1-$AI$3-$AL10*$AA$3-$AP10-0.12,0)+MINA($AI$3+$AL10*$AA$3+$AP10+0.12,1)*(1+$AH$3+$AO10+$AK10*$Z$4)) -> 4056.481 | AR10: =$AG$3*(1+$AJ10*$Y$2+$AN10)*(MAXA(1-$AI$3-$AL10*$AA$3-$AP10-0.12,0)+MINA($AI$3+$AL10*$AA$3+$AP10+0.12,1)*(1+$AH$3+$AO10+$AK10*$Z$4+0.4)) -> 4052.286 | AS10: =$AG$3*(1+$AJ10*$Y$2+$AN10)*(MAXA(1-$AI$3-$AL10*$AA$3-$AP10-0.36,0)+MINA($AI$3+$AL10*$AA$3+$AP10+0.36,1)*(1+$AH$3+$AO10+$AK10*$Z$4)) -> 3427.8 | AT10: =$AG$3*(1+$AJ10*$Y$2+$AN10)*(MAXA(1-$AI$3-$AL10*$AA$3-$AP10-0.36,0)+2*MINA($AI$3+$AL10*$AA$3+$AP10+0.36,1)*(1+$AH$3+$AO10+$AK10*$Z$4)) -> 6855.6 | AU10: =$AG$3*(1+$AJ10*$Y$2+$AN10)*(MAXA(1-$AI$3-$AL10*$AA$3-$AP10-0.12,0)+2*MINA($AI$3+$AL10*$AA$3+$AP10+0.12,1)*(1+$AH$3+$AO10+$AK10*$Z$4+0.4)) -> 8052.372
